name,publications,citations
Chhatrapati Shahu Ji Maharaj Univ,2,3
Natl Inst Mental Hlth & Neurosci,24,150
Univ Transdisciplinary Hlth Sci & Technol,1,1
Banaras Hindu Univ,58,299
Ashtamgam Ayurveda Vidyapeetham,1,1
All India Inst Med Sci,274,1366
Amrita Vishwa Vidyapeetham,10,12
IISER,1,0
Kapoor Path Labs,1,6
Profess Assistance Dev Act PRADAN,1,1
Amity Univ Uttar Pradesh,16,53
Etiol Elus Disorders Res Network EEDRN,4,45
All India Inst Med Sci AIIMS,37,170
Nil RatanSircar Med Coll & Hosp NRSMCH,1,32
Natl Brain Res Ctr,9,69
Postgrad Inst Med Educ & Res PGIMER,17,91
Maulana Azad Med Coll MAMC,4,43
DAC&FW,1,2
Natl Inst Technol NIT,3,28
GM Inst Technol,1,9
Davangere Univ,3,142
Karnatak Univ,5,142
Natl Inst Technol,52,369
TN Med Coll & BYL Nair Ch Hosp,2,3
BYL Nair Charitable Hosp,7,46
ICMR Natl Inst Res Reprod Hlth,8,14
ICAR Indian Inst Water Management,2,2
ICAR Natl Bur Agr Important Microorgan,1,2
Alagappa Univ,23,169
ICAR Indian Agr Stat Res Inst,2,5
Indian Inst Publ Hlth Gandhinagar,11,45
Biomac Life Sci Pvt Ltd,1,2
ICAR Indian Vet Res Inst,37,1410
Rani Lakshmi Bai Cent Agr Univ,5,16
Vel Tech RangarajanDr Sagunthala R&D Inst Sci & T,1,5
PerunthalaivarKamarajar Inst Engn & Technol,1,5
Army Coll Med Sci,3,0
Base Hosp Delhi Cantt,2,1
Univ Delhi,66,447
Cent Univ Jharkhand,13,102
Wadia Inst Himalayan Geol,1,0
Johns Hopkins Univ,2,12
Byramjee Jeejeebhoy Govt Med Coll,4,13
ICMR Natl Inst Virol,9,41
Indian Council Med Res,46,534
Jawaharlal Nehru Univ,42,168
ICAR Natl Res Ctr Meat,2,0
Post Grad Inst Med Educ & Res,39,302
Samvedana Grp Hosp & Res Ctr,4,57
King Georges Med Univ,27,530
JSS Acad Higher Educ & Res,26,122
Fortis Hosp Mohali,1,0
CMC,5,52
St Johns Med Coll Hosp,9,57
Natl Inst Mental Hlth & Neurosci NIMHANS,24,120
Jamia Millia Islamia,50,480
Apollo Hlth City,1,1
Apollo Telemed Networking Fdn,2,12
King George Med Univ,6,80
Sanjay Gandhi Postgrad Inst Med Sci,34,348
Int Food Policy Res Inst IFPRI,1,0
IFPRI,1,0
Indian Inst Technol Kharagpur,35,172
Theatre Arpana & Tamaasha Theatre,1,0
ICMR Reg Med Res Ctr,8,43
Utkal Univ,8,77
Indian Inst Management IIMA,1,2
Bharathiar Univ,14,256
CHRIST Deemed Univ,3,9
Inst Forest Genet & Tree Breeding IFGTB,1,0
St Xaviers Coll,7,9
Sher E Kashmir Univ Agr Sci & Technol Kashmir,16,249
UP Deen Dayal Upadhayay Pashu Chikitsa Vigyan Vis,1,0
Tata Mem Hosp,26,703
Inst Publ Hlth,2,3
Univ Lucknow,3,26
Hemvati Nandan Bahuguna Garhwal Univ,4,34
IIHMR Univ,2,116
Uttarakhand Council Biotechnol UCB,2,50
CCS Univ,2,50
Govt Med Coll,24,367
Acad Biol Sci & Res Fdn ABSRF,1,50
Noida Inst Engn & Technol,2,51
Venkat Ctr Skin & Plast Surg,1,3
Savitribai Phule Pune Univ,9,54
Ctr Dev Adv Comp,4,17
SL Raheja Hosp Fortis Associate,1,0
Punjabi Univ,7,20
Cadila Healthcare Ltd,3,3
Bharat Inst Higher Educ & Res,2,59
Sathyabama Inst Sci & Technol,6,34
Teresian Res Fdn,1,25
Thapar Inst Engn & Technol,17,154
Instrumentat Lab India Private Ltd,1,7
Indira Gandhi Med Coll,4,13
Dr Rajendra Prasad Govt Med Coll,5,17
Cochin Univ Sci & Technol,8,36
Manipal Acad Higher Educ,61,238
Coll Pharmaceut Sci,2,11
Osmania Univ,8,21
Zydus Hosp,5,342
GCS Med Coll,1,21
Yashoda Hosp,11,355
Senthil Multi Specialty Hosp,1,21
Geetanjali Med Coll & Hosp,1,21
Indian Inst Technol,74,449
Easwari Engn Coll,1,10
Anna Univ,12,105
Univ Gour Banga UGB,4,63
Natl Atmospher Res Lab,4,35
Panjab Univ,31,116
Post Grad Inst Med Educ & Res PGIMER,20,162
Indian Inst Management Ahmedabad,5,47
Homi Bhabha Natl Inst HBNI,4,13
ICMR Natl Inst Epidemiol,5,57
Univ Madras,9,30
Meenakshi Acad Higher Res & Educ Deemed Univ,1,3
SIMATS,1,1
Uttar Pradesh Pandit Deen Dayal Upadhyaya Pashu C,8,147
Bharathidasan Univ,15,24
CSIR,31,129
Acad Sci & Innovat Res AcSIR,46,217
Amity Univ,37,155
Environm Syst Res Inst,1,5
ZiMetr Technol Pvt Ltd,1,5
Cent Univ Punjab,31,205
SVKMs NMIMS Univ,3,10
Supaul BN Mandal Univ,1,1
Cent Univ Rajasthan,19,85
St Josephs Coll,7,17
Ramaiah Univ Appl Sci,2,3
Joshi Clin,1,9
Lilavati Hosp & Res Ctr,1,9
Nanavati Super Specialty Hosp,1,9
Vora Clin,1,9
Metro Resp Ctr,1,9
Shilpa Med Res Ctr,2,9
Glenmark Pharmaceut Ltd,2,16
Int Ctr Genet Engn & Biotechnol,11,54
Aligarh Muslim Univ,18,170
Smt GR Doshi & Smt KM Mehta Inst Kidney Dis & Res,1,2
Dr HL Trivedi Inst Transplantat Sci,1,2
Indian Soc Organ Transplantat,1,2
Natl Organ & Tissue Transplant Org,1,2
Vardhman Mahavir Med Coll,8,5
Safdarjang Hosp,17,42
Multi Organ Harvesting Aid Network Fdn,1,2
Transplant Author Tamil Nadu,1,2
Indraprastha Apollo Hosp,10,66
Osmania Med Coll & Hosp,6,19
Gujarat State Organ & Tissue Transplant Org,1,2
Indian Inst Sci Educ & Res IISER Bhopal,1,1
Zoram Med Coll,2,29
Mizoram Univ,6,260
BIT Sindri,2,1
Tezpur Univ,4,4
Delhi NCR,5,18
Lala Lajpat Rai Mem Med Coll,1,15
Natl Inst Pharmaceut Educ & Res NIPER,12,60
Kharagpur Coll,1,205
Sabang Sajanikanta Mahavidyalaya,2,211
IIT,3,66
Turiya Innovat Pvt Ltd,1,64
AIIMS,32,203
Sir Ganga Ram Hosp,13,35
Jamia Hamdard,34,133
CCRUM,1,19
Odisha Univ Agr & Technol,4,117
Srirama Chandra Bhanja Med Coll & Hosp,1,57
Gujarat Forens Sci Univ,3,146
Indian Inst Technol Delhi,23,371
North Eastern Hill Univ,10,153
Indian Inst Sci,48,233
Leucine Rich Bio Pvt Ltd,1,123
Rajiv Gandhi Canc Inst & Res Ctr,5,127
SAHAYOG,1,1
COPASAH Sexual & Reprod Rights Hub,1,1
Max Inst Canc Care,2,4
Max Super Special Hosp,7,26
Canc Inst WIA,4,4
Tirupati Eye & Res Ctr,1,6
ICMR Natl JALMA Inst Leprosy & Other Mycobacteria,3,41
Maharaja Sayajirao Univ Baroda,3,11
LM Coll Pharm,1,9
Parul Univ,2,12
Erode Arts & Sci Coll,1,5
Sree Krishna Coll Guruvayur,1,5
Global Healthcare Consulting,7,14
Univ Petr & Energy Studies,15,68
SASTRA Deemed Univ,12,23
Indian Inst Technol Jodhpur,1,7
CSIR Indian Inst Chem Biol,6,25
Karpagam Acad Higher Educ,2,2
Inst Liver & Biliary Sci,10,61
Univ New South Wales,4,7
Homi Bhabha Natl Inst,20,66
Shree Guru Gobind Singh Tricentenary Univ,2,0
Indrayani Canc Hosp,1,3
Uttaranchal Univ,3,7
Lovely Profess Univ,26,78
Mahatma Gandhi Coll Pharmaceut Sci,3,16
Shoolini Univ Biotechnol & Management Sci,7,17
Maharshi Dayanand Univ,12,58
Suresh Gyan Vihar Univ,11,32
AIIMS Bhubaneswar,1,10
PGIMER,28,217
MMU Deemed Be Univ,1,10
Capital Hosp,2,10
AIIMS New Delhi,1,10
George Inst Global Hlth,5,32
Prasanna Sch Publ Hlth,2,31
Shri Gopichand Coll Pharm,2,4
Postgrad Inst Med Educ & Res,65,569
Vidyasagar Univ,14,191
Translat Hlth Sci & Technol Inst THSTI,5,1
Cent Univ Haryana,5,3
Dr NTR Univ Hlth Sci,2,1
Rainbow Childrens Hosp,3,9
Inst Seismol Res,2,1
Natl Geophys Res Inst,1,1
Dibrugarh Univ,17,75
Dr DY Patil Vidyapeeth,5,10
Indian Inst Integrat Med,2,0
Inst Genom & Integrat Biol,2,0
Delhi Technol Univ,12,29
Management Dev Inst,2,0
Bharati Vidyapeeth Deemed Univ,5,4
Univ Calcutta,33,138
Vasant Kanya Mahavidyalaya,1,0
Indian Inst Technol Roorkee,15,98
Adhiparashakthi Dent Coll & Hosp,1,0
SRM Inst Sci & Technol,19,33
SGT Univ,3,1
Ragas Dent Coll & Hosp,1,0
KIIT Univ,9,103
PES Univ,4,24
Jagadguru Sri Shivarathreeshwara Acad Higher Educ,2,0
Natl Inst Immunol,10,26
Birla Inst Technol & Sci,7,6
SmartBio Labs,1,0
HLM Grp Inst,1,0
Sastra Deemed Univ,1,0
MAX Superspecialty Hosp,1,0
NH Mazumdar Shaw Med Ctr,1,0
Christian Med Coll & Hosp,30,435
Dr Ram Manohar Lohia Hosp & Atal Bihari Vajpayee,1,0
Madras ENT Res Fdn MERF,1,0
MERF Inst Speech & Hearing P Ltd,1,0
Neuberg Labs,1,0
DY Patil Dent Sch,1,0
Indira Gandhi Inst Dent Sci,1,0
Oxford Dent Coll,1,0
Sri Venkateshwaraa Dent Coll,1,0
VSPM Dent Coll,1,0
Sanjay Gandhi Post Grad Inst Med Sci SGPGIMS,3,2
Super Special Paediat Hosp & Postgrad Teaching In,1,0
Sir GangaRam Hosp,1,0
Swami Rama Himalayan Univ,3,17
HIHT Univ,1,1
Maulana Azad Med Coll,16,162
WHO,7,158
Natl Capital Reg NCR Biotech Sci Cluster,1,0
Indiragandhi Inst Child Hlth,1,5
Sri Sathya Sai Cent Trust,1,1
Kannur Univ,4,12
Indian Inst Technol Gandhinagar,14,123
Natl Inst Technol Tiruchirappalli,1,1
Exper Technol,1,1
Crowcon,1,1
Swathanthra Malayalam Comp,1,1
APJ Abdul Kalam Tech Univ,1,1
Indian Inst Technol Mandi,10,65
Sidho Kanho Birsha Univ,4,27
Indian Inst Technol IIT,7,40
PVNRTVU,3,8
Maharshi Dayanand Univ MDU,1,6
Amity Int Sch,1,3
Intas Pharmaceut,1,12
Lokmanya Tilak Municipal Med Coll & Gen Hosp,2,38
Kasi Clin,1,3
Guru Gobind Singh Med Coll,1,3
Lady Hardinge Med Coll & Hosp,14,16
Kanchi Kamakoti Childs Trust Hosp,3,41
MKCG MCH,1,3
Dr Abhay K Shah Children Hosp,1,3
Fortis Hosp,15,119
Marathe Child Care Hosp,1,3
Gouri Devi Inst Med Sci & Hosp,1,3
Aditya Super Special Hosp,1,3
Bakul Parekh Hosp Children,2,4
IGICH,1,3
Univ Coll Med Sci,10,57
Babylons Newton Child Dev & Support Ctr,1,1
Rama Med Coll Hosp & Res Ctr,1,1
Manipal Acad Hlth & Educ,1,1
Kokilaben Dhirubhai Ambani Hosp,3,29
Hind Inst Med Sci,1,1
Asha Child Care & Dev Clin,1,1
Om Pediat Multispecial Hosp,1,1
Sanjay Gandhi Postgrad Inst,2,4
Adolescent Clin,1,1
Kanetkar Inst Comp & Informat Technol,1,1
Podar Educ Network,1,1
Indira Gandhi Cooperat Hosp,2,1
Amrita Inst Med Sci & Res Ctr,2,13
Indira Gandhi Inst Child Hlth,4,19
GTB Hosp,3,7
Jawaharlal Inst Postgrad Med Educ & Res JIPMER,14,756
Govt Med Coll & Hosp,21,235
Dept Pediat,2,0
Natl Inst Sci Educ & Res,3,2
Indian Inst Sci Educ & Res,10,24
Bikashs Quantum OPC Pvt Ltd,2,2
Indian Inst Sci Educ & Res Kolkata,10,18
Inst Psychiat IOP,2,4
Univ Burdwan,6,13
Integral Univ,6,9
Prin KM Kundnani Coll Pharm,1,1
Chief Med Hlth Officer CMHO,1,0
Joint Initiat Indian Inst Sci Educ & Res IISER Pu,1,4
SMS Med Coll & Attached Hosp,1,0
Apollo Hosp,18,69
Jadavpur Univ,38,153
Behav Insights Architecture & Strategy BIAS,1,0
Monk Prayogshala,5,4
Meghnad Desai Acad Econ,1,0
SRMIST,1,0
MS Ramaiah Inst Technol,2,0
MS Ramaiah Univ Appl Sci,7,24
Siddaganga Inst Technol,3,18
360 Diagnost & Hlth Serv,1,0
Noodle Analyt Pvt Ltd,1,0
Valerian Chem Pvt Ltd,1,0
Bhaktshreshtha Kamalakarpant Laxman Walawalkar Ru,1,0
Smt Kashibai Navale Med Coll & Gen Hosp,3,6
Pushpagiri Inst Med Sci & Res Ctr,2,2
NDMC Med Coll & Hindu Rao Hosp,1,0
Mahatma Gandhi Med Coll & Hosp,5,60
Narayana Super Special Hosp,1,0
Regency Super Special Hosp,1,0
Columbia Asia Referral Hosp,2,0
PSRI Hosp,2,0
UR Anoop Res Grp,1,0
Sri Balaji Vidyapeeth Deemed Univ,1,0
Pondicherry Cent Univ,1,0
Dr LalPathlabs Natl Reference Lab,1,0
Indian Inst Sci Educ & Res Bhopal,1,1
Bennett Univ,10,23
Manipal Univ Jaipur,8,136
Natl Inst Technol Hamirpur,8,56
M Viswanathan Hosp Diabet,1,0
Annus Hosp Skin & Diabet,5,16
Visvesvaraya Natl Inst Technol,4,9
Indraprastha APOLLO Hosp,5,16
Piramal Swasthya Management & Res Inst,1,0
Nference Labs,4,28
Indian Inst Management Udaipur,3,22
AU KBC Res Ctr,1,0
Ctr Cellular & Mol Biol,2,0
SP Jain Inst Management & Res,2,4
Stella Maris Coll Autonomous,2,5
Karunya Inst Technol & Sci,21,317
CSIR IHBT,3,104
AcSIR,1,90
JAYPEE Univ Engn & Technol,1,0
DAV Univ,4,12
GNDU,1,1
THSTI,1,50
Assam Univ,12,77
Cent Food Technol Res Inst,2,46
Mahatma Gandhi Univ,3,36
Indian Spinal Injuries Ctr,1,8
Sir HN Reliance Fdn Hosp,3,8
Grant Med Coll,2,8
Sir JJ Hosp,1,8
Sir HN Reliance Hosp,1,8
Ganga Hosp,2,8
CSIR Indian Inst Integrat Med IIIM,1,14
Kazi Nazrul Univ,9,85
Dr Umayal Ramanathan Coll Women,2,15
ICAR Cent Res Inst Dryland Agr,1,6
Acharya NG Ranga Agr Univ,1,6
Univ Hyderabad,24,94
Anticlock Clin,2,12
Vanila Dermol,1,7
Indian Inst Sci Educ & Res IISER,5,17
Seth GS Med Coll & KEM Hosp,3,0
Rajiv Gandhi Ctr Biotechnol,5,34
Govt NSCB Med Coll,1,1
CSIR Indian Inst Integrat Med,1,15
Natl Inst Pharmaceut Educ & Res NIPER Guwahati,1,6
Khyati Coll Pharm,1,6
Rungta Coll Pharmaceut Sci & Res,1,6
Jethwani Hosp,1,1
Diacare Diabet Care & Hormone Clin,2,10
Jothydevs Diabet Res Ctr,2,1
Bharati Hosp,1,1
Ruby Hall Clin,2,2
Diabet Care Clin,1,1
North Bengal Med Coll,1,5
Chitkara Univ,24,77
Pathfinder Res & Training Fdn,4,18
Vidyasagar Coll,1,6
Pondicherry Univ,9,23
Natl Ctr Cell Sci,6,141
Trident Acad Creat Technol,2,41
Baba Farid Univ Hlth Sci,2,15
Jairam Arts & Sci Coll,1,1
Kandaswami Kandars Coll,1,1
Govt Arts Coll Men,1,1
Kulkarni Reconstruct Urol Ctr,4,11
Jubilee Mission Med Coll & Res Ctr,1,1
Kalinga Inst Ind Technol KIIT,1,3
Inst Nucl Med & Allied Sci INMAS,1,1
Indian Inst Technol Guwahati,16,128
Cent Univ Gujarat,7,11
Assam Royal Global Univ,1,5
Univ Allahabad,9,20
Univ Kerala,10,54
Dassault Syst India Pvt Ltd,1,3
English & Foreign Languages Univ,2,0
Burdwan Med Coll & Hosp,3,61
AIIMS Jodhpur,2,13
Apollo Gleneagles Hosp,2,8
Lakshya Soc Publ Hlth Educ & Res,1,11
Tata Energy Res Inst TERI,1,7
B J Wadia Hosp Children,1,0
Bai Jerbai Wadia Hosp Children,4,9
Mumbai Port Trust Hosp,1,3
CRSGPP,1,1
Netaji Subhash Chandra Bose Govt Med,1,0
Netaji Subhash Chandra Bose Govt Med Coll,3,1
Coll Vet & Anim Sci,1,0
Amity Univ Uttar Pradesh AUUP,2,1
nference Labs,1,7
Indian Agr Res Inst,5,30
Chaudhary Charan Singh Univ,2,8
Chettinad Dent Coll & Res Inst,1,0
Saveetha Univ,8,5
Punjab Agr Univ,7,3
BJ Med Coll & Civil Hosp,2,4
Pandit DeenDayal Upadhyaya PashuChikitsa Vigyan V,1,0
Govt Coll Engn,9,25
IIT Jodhpur,1,0
Natl Inst Plant Genome Res,7,40
Ambedkar Univ Delhi,1,0
Indian Inst Technol Hyderabad,12,71
Natl Inst Technol Warangal,3,3
Maulana Azad Natl Inst Technol,3,2
Indian Inst Technol Indore,11,31
Sam Higginbottom Univ Agr Technol & Sci,3,0
Koneru Lakshmaiah Educ Fdn,8,51
Panimalar Med Coll Hosp & Res Inst,1,0
Panimalar Coll Nursing,1,0
Panimalar Med Coll Hosp & Res,1,0
St Pius X Coll Rajapuram,2,3
RV Coll Engn,3,28
Ashoka Univ,7,15
Indian Inst Technol Indore IITI,2,24
Wockhardt Hosp,4,25
St Isabels Hosp,2,6
Dept Minimal Access Surg,1,0
Era Univ,3,13
Eras Lucknow Med Coll Hosp,1,6
North Delhi Municipal Corp Med Coll & Hindu Rao H,2,15
LTM Med Coll & Gen Hosp,1,5
KPC Med Coll & Hosp,5,48
Sujala Polyclin,1,5
Clin Dermatech,2,19
Indian Stat Inst,23,236
IIT Madras,1,9
Natl Inst Adv Studies,1,0
Univ Kashmir,6,26
Bombay Hosp & Med Res Ctr,2,22
Epilepsy Fdn India,2,22
Chengalpattu Med Coll & Hosp,1,22
Indian Inst Sci Educ & Res IISER Tirupati,2,8
Indian Inst Technol IIT Tirupati,1,5
SGT Med Coll,1,1
Indian Inst Technol Kanpur,14,10
Indian Vet Res Inst,3,36
NRI Inst Res & Technol,1,1
Oriental Inst Sci & Technol,2,10
Agricure Biotech Res Soc,2,10
Govt Jammu & Kashmir,3,10
Indira Gandhi Natl Open Univ IGNOU,3,10
Madras Med Coll & Govt Gen Hosp,7,166
Cent Drug Res Inst,3,23
Acad Sci & Innovat Res,5,39
Int Inst Hlth Management Res,1,1
Azim Premji Univ,3,2
Avinashilingam Inst Home Sci & Higher Educ Women,6,246
Farmers Bio Fertilizers & Organ,4,215
Bharath Univ,2,152
Cent Univ Nagaland,1,151
Thiruvalluvar Univ,2,186
Vis Res Fdn,8,253
Sri Venkateswara Coll Engn,7,85
Nichi In Ctr Regenerat Med,1,11
Gautam Buddha Univ,9,16
Smriti Coll Pharmaceut Educ,2,5
Matoshri Inst Pharm,2,5
Inst Integrat Om & Appl Biotechnol IIOAB,1,6
IQVIA,3,4
Univ Gour Banga,15,338
Patanjali Res Fdn Trust,2,0
Univ Patanjali,9,9
Sree Chitra Tirunal Inst Med Sci & Technol SCTIMS,2,9
St Johns Natl Acad Hlth Sci,4,0
Indian Inst Technol Madras,20,58
CSIR Cent Drug Res Inst,3,50
Sardar Patel Coll Pharm,1,2
SGPGIMS,2,3
Indian Council Med Res Natl AIDS Res Inst,1,0
Natl Brain Res Ctr NBRC,1,0
North Bengal Med Coll & Hosp,1,23
Paramitha Children Hosp,1,8
Natl Inst Med Sci,2,9
Kokilaben Dhirubhai Ambani Hosp & Med Res Inst,6,852
Univ Mysore,7,47
Nova IVF Fertil,1,18
Fortis CDOC Hosp,1,50
Natl Diabet Obes & Cholesterol Fdn,3,86
Diabet Fdn India,2,62
Ramakrishna Mission Vivekananda Centenary Coll,1,11
Uluberia Coll,1,11
HBNI Univ,1,6
Fortune Inst Int Business,1,1
Indian Inst Management IIM Raipur,1,1
CAPFs Composite Hosp,1,0
Amity Univ Haryana,9,66
ICMR Natl Inst Pathol,1,20
Dr Reddys Inst Life Sci,4,23
Pallium India,1,1
SPS Hosp,4,25
Manav Rachna Int Inst Res & Studies,1,1
Barrackpore Rastraguru Surendranath Coll,1,1
Raiganj Univ,7,6
Greater Chennai Corp,1,0
Indian Inst Management Jammu,1,0
Indira Global Business Sch,1,0
Marathwada Mitra Mandals Coll Commerce,1,0
Natl Atmospher Res Lab NARL,1,1
Jaypee Univ Informat Technol,9,70
CSIR Inst Genom & Integrat Biol,2,0
PSIT,1,0
JIS Univ,6,17
NIT,4,5
VNIT,1,0
Max Superspecial Hosp,4,16
MV Ctr Diabet,4,16
MV Hosp Diabetes,4,16
M Viswanathan Diabet Res Ctr,2,1
Univ Kalyani,16,69
Serampore Coll,1,0
IIEST,1,0
Shri Mata Vaishno Devi Univ,2,1
Birbal Sahni Inst Palaeosci,1,0
SRM Dent Coll,1,1
Bharati Vidyapeeths Coll Engn,7,17
Vellore Inst Technol,30,92
Dr BC Roy Engn Coll,1,3
CSIR Indian Inst Toxicol Res,1,0
MNR Dent Coll & Hosp,1,0
Univ Hyderabad Campus,3,14
Malla Reddy Med Coll Women,1,0
Medanta Medicity,2,27
Max Super Special Hosp Saket,1,25
Amrita Inst,1,25
Aster Medicity,1,25
Aster CMI Hosp,2,25
SGPGI,2,63
Gleneagles Global Hosp,4,25
Kauvery Hosp,1,25
Dr Rela Inst & Med Ctr,5,36
Bombay Hosp Inst Med Sci,4,7
GB Pant Inst Post Grad Med Educ & Res,1,5
Dayanand Med Coll,3,69
Pandit Deendayal Petr Univ,2,2
Govt PG Coll,1,1
GLA Univ,6,7
Delhi Pharmaceut Sci & Res Univ DPSRU,1,2
Adichunchanagiri Univ,1,2
Guru Nanak Dev Univ,7,37
SMS Med Coll & Hosp,9,5
Indian Sch Mines,6,15
Siksha O Anusandhan Univ,2,3
Sambalpur Univ,8,82
Modern Inst Technol,2,6
Saha Inst Nucl Phys,1,28
Homi Bhaba Natl Inst,1,28
Saha Inst Nucl Phys HBNI,1,28
Maharishi Markandeshwar Univ,1,2
Natl Inst Tech Teachers Training & Res,6,10
Siksha O Anusandhan Deemed Be Univ,1,6
MCKV Inst Engn,5,10
Jaypee Inst Informat Technol,13,108
Larsen & Toubro Infotech,1,6
Burdwan Med Coll,5,24
40 Jadunath Sarbovouma Lane,1,2
Max Hlth Care Inst,1,22
PD Hinduja Natl Hosp & Med Res Ctr,3,81
Govt Uttar Pradesh,1,0
HNB Garhwal Univ,2,3
ISF Coll Pharm,6,14
King Georges Med Univ KGMU,6,20
WHO Reg Off South East Asia,1,73
Bharath Inst Higher Educ & Res,4,24
SRM Med Coll Hosp & Res Ctr,3,13
Natl Fdn Liver Res,1,10
SVKMS NMIMS,2,2
Global Inst Pharmaceut Educ & Res,2,8
Sree Narayana Coll,1,4
Ctr Dis Dynam Econ & Policy,1,42
Govt Tamil Nadu,2,84
Guntur Med Coll,1,42
Govt Andhra Pradesh,1,42
Amity Univ Rajasthan,6,7
West Bengal State Univ,4,24
Aliah Univ,5,9
Netaji Subhas Inst Technol,1,8
MGM Muthoot Hosp Pathanamthitta,4,99
CRAFT Hosp & Res Ctr,3,54
Jawaharlal Inst Postgrad Med Educ & Res,11,120
Maharaja Krushna Chandra Gajapati Med Coll,1,10
Manipal Univ,3,13
Kalasalingam Acad Res & Educ,6,30
BS Abdur Rahman Crescent Inst Sci & Technol,1,1
Saral Diagnost,1,0
Adamas Univ,16,351
Fakir Mohan Univ,6,44
Pingla Thana Mahavidyalaya,7,53
Super Special Pediat Hosp & Post Grad Teaching In,3,2
Agrevolution Pvt Ltd,1,0
Tata Inst Social Sci,3,2
Bihar State Pollut Control Board,2,0
Mahavir Canc Inst & Res Ctr,2,0
Patanjali Chikitsalya,1,1
Patanjali Res Inst,8,9
Indian Inst Technol IIT Roorkee,2,6
Indian Inst Technol IIT Delhi,4,118
Natl Inst Technol Patna,3,1
Periyar Univ,8,150
Clin Brain Neuropsychiat Inst & Res Ctr,4,58
Indian Psychiat Soc,2,10
Govt Karnataka,7,40
NIMHANS,5,104
Anand Hosp & Eye Ctr,1,0
Ctr Sight Grp Eye Hosp,1,0
BHU,5,13
Purulia Govt Med Coll & Hosp,1,0
SHKM Govt Med Coll,1,0
LV Prasad Eye Inst,20,227
Optometry Council India,2,2
Inst Math Sci,2,2
Aravind Eye Hosp & Postgrad Inst Ophthalmol,1,0
Dr Shroffs Char Eye Hosp,3,3
Pioneer Medilaser Pvt Ltd,1,0
Insight Vision Fdn,1,0
Goa Med Coll,1,0
Karnataka Inst Med Sci,2,1
Delhi Pharmaceut Sci & Res Univ,10,14
Composite Reg Ctr Persons Disabil,1,6
Hindustan Inst Technol & Sci,4,3
Sri Sivasubramaniya Nadar Coll Engn,4,4
Natl Inst Res TB,2,3
Kongunadu Arts & Sci Coll,1,3
ICMR Natl Inst Occupat Hlth,4,60
BMS Coll Engn,3,5
Vidya Siri Coll Pharm,1,0
IIT BHU Varanasi,1,1
Dayalbagh Educ Inst,2,2
Malaviya Natl Inst Technol,6,29
CSIR Natl Chem Lab,3,23
Bose Inst,13,32
Govt Yoga & Naturopathy Med Coll & Hosp,1,4
Assam Town Univ,1,4
Dr Chandramma Dayananda Sagar Inst Med Educ & Res,1,4
Guru Gobind Singh Indraprastha Univ,9,41
GGS Indraprastha Univ,2,1
PRIST Deemed Univ,1,1
REVA Univ,3,3
Inst Social & Econ Change ISEC Bangalore,1,0
MG Univ,1,0
SRM Univ AP,2,4
Inst Bioresources & Sustainable Dev IBSD,1,1
Pentamed Hosp,1,0
Indian Inst Management,4,26
MediCiti Med Coll,1,5
Galgotias Univ,5,24
State Bank Inst Credit & Risk Management,2,3
State Bank Inst Leadership,2,3
BBSBE Coll,1,0
Chandigarh Univ,10,40
SN Med Coll & Hosp,3,4
Nirma Univ,7,16
Ramnarain Ruia Autonomous Coll,1,1
Vinayaka Mission Res Fdn,1,1
Birla Inst Technol,12,59
Indian Inst Bombay,1,0
DY Patil Univ,1,0
Inst Bioinformat & Appl Biotechnol IBAB,4,11
Natl Inst Technol Karnataka,4,3
BW Lions Superspecial Eye Hosp,1,1
Def Res & Dev Org,2,18
Indian Inst Informat Technol Design & Mfg,3,3
Vivek Coll Tech Educ,1,1
JC Bose Univ Sci & Technol,3,8
Samsung India Pvt Ltd,1,1
Krishna Univ,5,16
Sri Krishna Coll Engn & Technol,3,121
Adikavi Nannaya Univ,1,1
PSG Inst Technol & Appl Res,5,122
Kerala Univ Hlth Sci,1,1
Grace Coll Pharm,1,1
SHUATS,1,1
Guru Ghasidas Univ,3,6
Kurukshetra Univ,2,3
Cooch Behar Panchanan Barma Univ,4,6
Govt Gujarat,1,0
GIZ India Off,1,0
Shri Ramswaroop Mem Univ,3,4
Babasaheb Bhimrao Ambedkar Univ,11,41
Int Food Policy Res Inst,7,40
FHI Solut,1,0
Univ Rajasthan,2,1
Dr APJ Abdul Kalam Tech Univ,2,0
Govt Med Coll Kota,1,0
Uttar Pradesh Univ Med Sci,1,0
GITAM,1,2
Minist Hlth & Family Welf,10,80
West Bengal Univ Anim & Fishery Sci,3,0
Dr Hari Singh Gour Vishwavidyalaya,11,102
Natl Inst Technol Raipur,4,12
Univ Coll Med Sci Delhi,1,183
Sharda Univ,11,221
IILM Coll Engn Technol,1,48
Yogi Vemana Univ,3,115
ICAR Natl Rice Res Inst,2,114
Reg Canc Ctr Trivandrum,1,51
ICMR Natl Inst Cholera & Enter Dis,9,190
Pondicherry Inst Med Sci,3,8
NMIMS Univ,2,9
Univ Agr Sci,2,22
Sushrut ENT Hosp,1,10
Dr Khans ENT Res Ctr,1,10
Magadh Univ,5,12
Asansol Girls Coll,1,1
Command Hosp,1,4
Natl Inst Malaria Res,2,8
Natl Inst Technol Srinagar,3,16
Prof M Viswanathan Diabet Res Ctr,2,15
SV Natl Inst Technol SVNIT,1,8
Jaslok Hosp & Res Ctr,3,17
Shiv Nadar Univ,8,20
Bal Krishna Inst Technol,1,11
Career Point Univ,1,11
VBSPU,1,20
Rajasthan Tech Univ,4,34
Veer Surendra Sai Univ Technol,3,20
Aditya Inst Technol & Management,2,19
Triveni Devi Bhalotia Coll,1,0
City Coll,1,0
SL Raheja Hosp,4,7
Graph Era Deemed Univ,2,0
Ravenshaw Univ,1,0
NGF Coll Engn & Technol,1,0
Proteininsights,1,0
Gauhati Univ,12,123
Indian Inst Management Bodh Gaya,1,4
Indian Inst Management Lucknow,5,17
Indian Inst Management Rohtak,2,5
Soban Singh Jeena Univ,3,3
Kumaun Univ,18,106
Sona Coll Arts & Sci,1,0
MGR Coll,1,0
Priyadarshini JL Coll Pharm,1,0
Gurunanak Coll Pharm,1,0
MAHE,4,8
Acad Family Phys India AFPI,1,0
BITS Pilani,5,41
Bangalore Univ,2,0
Univ North Bengal,10,24
Indian Inst Informat Technol Allahabad,6,9
Majlis Arts & Sci Coll,1,8
MES Coll Marampally,1,8
Providence Womens Coll,1,8
Pushpagiri Inst Med Sci & Res,1,8
Natl Inst Pharmaceut Educ & Res,11,78
JECRC Univ Jaipur,1,9
BKL Walawalkar Rural Med Coll,3,63
MMU Med Coll,1,9
Inst Nucl Med & Allied Sci,3,7
Council Sci & Ind Res Inst Himalayan Bioresource,1,1
Translat Hlth Sci & Technol Inst,8,69
CSIR Cent Sci Instruments Org,3,69
Inst Pulmocare & Res,1,0
Tata Consultancy Serv Ltd,1,3
Bishop Heber Coll Autonomous,1,0
NRS Med Coll & Hosp,2,0
Paras HMRI Hosp,1,0
Inst Haematol & Transfus Med,1,0
Army Hosp,1,0
Narayana Super Specialty Hosp,1,0
Natl Inst Immuno Haematol,1,0
SCB Med Coll,3,13
Ch Ranbir Singh State Inst Engn & Technol,4,10
Doon Univ,6,13
SKUAST K,1,0
Annamalai Univ,3,12
St Berchmans Coll Autonomous,3,11
Dr Lankapalli Bullayya Coll,2,2
Natl Inst Technol Rourkela,5,4
Maharaja Ranjit Singh Punjab Tech Univ,5,7
MVJ Coll Engn,1,0
Sri Guru Granth Sahib World Univ,2,46
Asian Inst Gastroenterol,3,27
Gleneagles Global Hlth City,2,1
BGS Gleneagles Global Hosp,1,1
Bundelkhand Med Coll Sagar,1,0
Guru Ghasidas Vishwavidyalaya,4,16
Int Ctr Genet Engn & Biotechnol ICGEB,5,3
Indira Gandhi Natl Tribal Univ,3,2
Govt VYTPG Autonomous Coll,1,1
Cochin Canc Res Ctr,1,36
Dayanand Med Coll & Hosp,5,10
Tata Med Ctr,3,1
Ganga Med Ctr & Hosp Pvt Ltd,1,1
Max Hosp,2,15
Kailash Canc Hosp & Res Ctr,1,94
Calcutta Natl Med Coll,1,1
Siksha O Anusandhan Deemed Univ,8,48
ICARE Inst Med Sci & Res,1,34
Nalanda Med Coll & Hosp,1,34
Guru Nanak Dev Univ Coll,2,31
IK Gujral Punjab Tech Univ,2,31
Sri Guru Angad Dev Coll,2,31
Asian Healthcare Fdn,2,156
Indian Inst Technol Tirupati,3,71
Univ Petr & Energy Studies UPES,1,18
Inst Post Grad Med Educ & Res,8,41
Maharishi Markandeshwar Deemed Be Univ,5,25
Kolkata Municipal Corp,2,18
KS Rangasamy Coll Technol,1,0
Maulana Abul Kalam Azad Univ Technol,5,1
Saveetha Sch Engn,1,0
Saveetha Inst Med & Tech Sci SIMATS,1,0
Devi Ahilya Vishwavidyalaya,1,1
SV Natl Inst Technol,1,0
Naysari Agr Univ,1,0
Bhabha Atom Res Ctr,12,31
DY Patil Educ Soc,4,3
Dehradun Inst Technol DIT Univ,1,1
BCDA Coll Pharm & Technol,2,7
Womens Coll,3,9
Maharaja Bir Bikram Coll,2,7
SVNIT,1,1
JESITMR,1,1
Lokmanya Tilak Municipal Gen Hosp & Med Coll,6,52
Tocklai Tea Res Inst,1,0
Natl Inst Elect & Informat Technol,2,0
JIS Coll Engn,3,9
Natl Inst Sci Educ & Res Bhubaneswar,1,1
Cent Salt & Marine Chem Res Inst,2,0
Gujarat Maritime Board,1,0
Maharaja Agrasen Inst Technol,7,75
HealthCare Global Enterprises Ltd HCG,1,0
Govt Vidarbha Inst Sci & Humanities,1,0
Amolakchand Mahavidyalaya,1,0
Natl Inst Anim Biotechnol,1,0
ICAR Indian Vet Res Inst IVRI,2,0
Shri Ramdeobaba Coll Engn & Management,1,2
Deemed Univ,7,51
Christ Univ,1,10
Amer Coll,1,10
Hinduja Hosp Khar,1,2
Fortis Mem Res Inst,5,25
JJ Hosp & Grant Med Coll,1,2
CSIR Cent Salt & Marine Chem Res Inst,1,5
Model Rural Hlth Res Unit,2,3
Royal Global Univ,2,3
Veer Bahadur Singh Purvanchal Univ,2,23
Dr Ram Manohar Lohia Hosp,6,8
Inst Human Behav & Allied Sci,1,1
Rajiv Gandhi Super Special Hosp,1,1
Pravara Inst Med Sci,1,2
Publ Hlth Res Inst India,1,2
Kongunadu Arts & Sci Coll Autonomous,1,1
Inst Life Sci,3,3
Reg Med Res Ctr,2,6
GB Pant Natl Inst Himalayan Environm,2,2
BMS Inst Technol & Management,2,0
IMS & SUM Hosp,2,4
Midnapore Coll Autonomous,2,6
North Bengal Univ,1,1
Global Inst Sci & Technol,1,1
SIMS Hosp,2,0
MGM Med Coll & Hosp,2,13
Indian Inst Publ Hlth Hyderabad IIPH H,1,0
Inst Integrat Omics & Appl Biotechnol IIOAB,4,11
Govt Coll Pharm,2,1
Shyam Shah Med Coll,1,0
Cent Univ Karnataka,2,1
Gulbarga Univ,2,0
TruFactor InMobi Grp,1,1
Populat Council,2,29
JSS Hosp,1,2
Herbertpur Christian Hosp,1,2
Nirmala Coll Pharm,1,3
Rahat Hosp & Res Ctr,1,1
Land & Land Reforms & Refugee Relief & Rehabil De,1,0
Salesian Coll,1,0
Sardar Patel Renewable Energy Res Inst,1,0
Poornima Coll Engn,1,0
Poornima Univ,1,0
Sanjay Gandhi Post Grad Inst Med Sci,8,21
Dr Rajendra Prasad Cent Agr Univ Pusa,1,0
Guru Angad Dev Vet & Anim Sci Univ,6,15
Vishwa Bharati Publ Sch,1,1
Govt Inst Forens Sci,1,2
Gandhi Med Coll Bhopal,1,2
Inst Postgrad Med Educ & Res & Seth Sukhlal Karna,1,2
Employee State Insurance Post Grad Inst Med Sci &,1,2
Publ Hlth Fdn India,10,54
Bangalore Baptist Hosp,4,3
Int Inst Populat Sci,3,5
Datta Meghe Inst Med Sci,1,2
Sheri Kashmir Inst Med Sci,1,2
Jawaharlal Nehru Ctr Adv Sci Res,3,4
Sankhya Sutra Labs,1,2
Bangalore Bioinnovat Ctr,1,2
Causal Biomodels,1,0
Management Dev Inst Gurgaon,2,2
Mahindra United World Coll,1,0
Dr B Lal Inst Biotechnol,1,6
Dr B Lal Clin Lab Pvt Ltd,1,6
Inst Adv Study India,1,0
KR Mangalam Univ,1,1
PDM Univ,1,1
Ramaiah Med Coll,1,0
Saraswati Dhanwantri Dent Coll & Hosp & Post Grad,1,2
Narayana Dent Coll & Hosp,1,2
Sapienza Univ Rome,1,2
Maharishi Markandeshwar Deemed Univ,2,420
Indian Inst Technol Bhubaneswar,12,75
Adesh Inst Med Sci & Res,2,1
Smt NHL Municipal Med Coll,2,2
Adesh Med Coll & Hosp,1,1
Pramukhswami Med Coll,2,3
Sri Guru Ram Das Univ Hlth Sci,1,1
Mahatma Gandhi Med Coll,1,0
Cent Agr Univ,3,1
ICAR Cent Soil Salin Res Inst,1,0
GTC Colony,1,0
ICAR Indian Agr Res Inst,2,0
Reg Off Itanagar,1,0
Palamuru Univ,1,0
Cent Council Res Siddha,2,0
Siddha Cent Res Inst,1,0
Indian Inst Sci Educ & Res Mohali,2,1
VFSTR Deemed Univ,1,0
Bapatla Engn Coll,1,0
Ortin Labs Pvt Ltd,1,0
Inst Neurosci,2,1
Vikram Hosp,2,2
Nizams Inst Med Sci,4,9
Shree Krishna Hosp,1,1
Jaslok Hosp,1,1
Medanta Hosp,5,111
Coll Med,1,0
Sagore Dutta Hosp,1,0
All India Inst Hyg & Publ Hlth,1,0
Med Coll & Hosp,4,5
WHO RNTCP Tech Support Network,1,0
St Josephs Coll Engn,3,29
Swami Ramanand Teerth Rural Med Coll,1,0
Galgotias Coll Engn & Technol,3,0
Teeth N Jaws Ctr,3,6
Panipat Inst Engn & Technol,1,0
SRM Univ,5,5
GIET Univ,5,28
Sethu Inst Technol,2,1
Vidya Bharati Mahavidyalaya,3,6
Dr Babasaheb Ambedkar Marathwada Univ,6,72
Govt Coll Arts & Sci,2,6
Gujarat Univ,15,76
Integral Univ Lucknow,1,6
Indian Inst Engn Sci & Technol,9,53
North Delhi Municipal Corp Med Coll,1,0
Hindu Rao Hosp,2,58
Seth GSMC & KEM Hosp,2,27
SPDM Govt Girls Coll,1,0
Chandigarh Coll Pharm,1,0
Indian Inst Management Bangalore,3,26
Deemed Be Univ,4,4
CSIR North East Inst Sci & Technol CSIR NEIST,1,1
Sanjay Gandhi Postgrad Inst Med,1,0
Super Specialty Canc Inst & Hosp,4,3
Super Special Canc Inst & Hosp,2,4
Dr Ram Manohar Lohia Inst Med Sci,3,11
Community Hlth Initiat,1,2
Indian Inst Management Sirmaur Poanta Sahib,1,21
BLK Super Special Hosp,5,39
SP Pune Univ Campus,1,1
Chandigarh Pollut Control Comm,1,7
Aravind Eye Hosp Chennai,1,12
Prakash Netra Kendr,1,12
Sankara Eye Hosp,3,17
Retina Inst Karnataka,1,12
Narayana Nethralaya Eye Inst,4,84
Eydox Eye Hosp,1,12
Shroff Char Eye Hosp,1,12
Vis Plus Eye Ctr,1,12
Sankara Nethralaya,8,118
Sarakshi Nethralaya,1,12
Army Hosp R&R,1,12
Aditya Jyot Eye Hosp,9,194
Ctr Sight,19,223
Aravind Eye Hosp,10,50
Giridhar Eye Hosp,1,12
Indira Gandhi Inst Med Inst Med Sci,1,12
Manipal Hosp,13,69
Visitec Eye Ctr,1,13
Sri Sankaradeva Nethralaya,3,75
Narayana Netralaya,1,13
Sir Gangaram Hosp,2,71
Indian Journal Ophthalmol,2,71
Nethradhama Super Special Eye Hosp,1,13
George Inst Global Hlth India,1,24
Unit Dr Agarwals Eye Hosp,1,41
Foresight Int,2,105
Dr Gogates Eye Clin,2,45
Padmashri DY Patil Med Coll,1,41
Hi Tech Eye Inst & Laser Ctr,1,41
Indira Gandhi Inst Med Sci,3,99
Minto Ophthalm Hosp,2,27
Bangalore Med Coll & Res Inst,10,72
Cosmetiq Clin,1,0
Banasthali Univ,1,21
Panjab Univ PU,1,28
GNCT Delhi,2,6
VIT Vellore,1,1
Narayana Nethralaya,8,55
Narayana Nethralaya Fdn,6,48
KNR Univ Hlth Sci,1,4
Sri Guru Ram Das Inst Med Sci & Res,1,4
Deccan Med Coll,1,4
South Cent Railway Hosp,1,4
Gandhi Med Coll,1,4
Rajeev Gandhi Mem Coll Engn & Technol,1,6
Indian Meteorol Dept,4,13
Adarsa Coll Pharm,1,12
Andhra Univ,5,23
Govt Coll A,1,12
Adhra Med Coll,1,12
Steril Gene Life Sci,1,4
HealthCare Global Enterprises Ltd,1,6
Navodaya Dent Coll & Hosp,1,6
Sri Venkateswara Dent Coll & Hosp,1,4
Bharathirajaa Hosp & Res Inst,1,4
Govt Dent Coll & Hosp,4,36
Indira Gandhi Govt Med Coll & Hosp,2,21
CORE Grp Polio Project India,2,1
Raghudeep Eye Hosp,1,1
Pink City Eye Hosp,1,1
Surya Eye Inst & Res Ctr,1,21
Vitreoretinal Soc India,1,21
Natl Inst Mental Hlth Neurosci NIMHANS,1,3
Natl Inst Mental Hlth & Neuro Sci NIMHANS,8,11
Tamil Nadu Vet & Anim Sci Univ,5,32
Govind Ballabh Pant Engn Coll,1,22
A-302 Adarsh Gardens,1,0
Jaipuria Inst Management,1,1
LKG Punjab Tech Univ,1,0
CSIR Cent Food Technol Res Inst,3,18
Indian Inst Engn Sci & Technol IIEST,4,6
Larsen & Toubro Infotech Ltd,1,0
Cognizant Technol Solut,1,0
Max Superspecialty Hosp,1,0
ACTREC,2,0
BLK Superspecial Hosp,1,0
Fortis Mem Hosp,1,0
Avinash Canc Clin,1,0
Jawahar Lal Nehru Hosp & Res Ctr,1,0
IIT Hyderabad,1,1
YB Chavan Coll Pharm,1,0
Raja Lakshmi Sch Business,1,17
Pt Jawahar Lal Nehru Mem Med Coll,1,7
Cotton Univ,4,5
ProteinInsights,1,0
Nichi In Ctr Regenerat Med NCRM,1,0
Nurithm Labs Private Ltd,1,1
Maharaja Bir Bikram Univ,2,1
Inst Engn & Rural Technol,1,0
Presidency Univ,13,129
Indian Inst Informat Technol,4,3
Indian Inst Technol Ropar,3,3
Biju Patnaik Univ Technol,1,0
Kanak Manjari Inst Pharmaceut Sci,2,2
Amala Inst Med Sci,1,0
Med Superspecial Hosp,1,0
Associated Lok Nayak Hosp,1,0
Tamralipta Mahavidyalaya,3,48
Ramsaday Coll,3,48
Natl Inst Technol Durgapur,5,17
Natl Inst Technol Arunachal Pradesh,1,15
Govt Coll Jaitwara,2,13
Kanchi Kamakoti CHILDS Trust Hosp,4,18
SRCC Childrens Hosp,4,17
Jupiter Hosp,2,9
Sheri I Kashmir Inst Med Sci,1,0
Dr Pinnamaneni Siddhartha Inst Med Sci & Res Fdn,1,0
Army Inst Cardiothorac Sci,2,6
OP Jindal Global Univ,5,36
Safdarjang Hosp & VMMC,1,0
Govt India,24,38
Univ Coll Engn,2,1
Hindustan Inst Technol,1,1
Lady Brabourne Coll,2,0
Stella Maris Coll,2,2
Loyola Coll,3,5
Minist Earth Sci Pune,1,1
Minist Earth Sci,5,9
Indian Inst Technol Patna,3,9
Chennai Crit Care Consultants,2,1
Rajendra Inst Med Sci,5,54
Vishwaraj Hosp,2,1
Hinduja Hosp,4,2
Sanjeevan Hosp,2,1
Symbiosis Univ Hosp & Res Ctr,2,1
ICAR NRCE,1,0
CCS Haryana Agr Univ,3,0
Guru Jambheshwar Univ,1,0
Indian Council Agr Res,3,9
Maharishi Arvind Coll Pharm,1,0
Chilika Dev Author,2,6
Minist Environm Forest & Climate Change,1,0
Kasturba Hosp Infect Dis,6,36
PD Hinduja Hosp,4,4
Mrinalini Datta Mahavidyapith,1,0
Saveetha Inst Med & Tech Sci,5,2
Centurion Univ Technol & Management,4,19
Rajindra Hosp,1,0
Bharati Vidyapeeth,2,0
Natl Capital Reg Biotech Sci Cluster,1,0
Uttar Pradesh Tech Support Unit UP TSU,1,330
Sun Med & Res Ctr,2,38
CHRIST,1,26
Jawaharlal Nehru Med Coll,3,172
Sher Kashmir Univ Agr Sci & Technol,1,2
Sher E Kashmir Univ Agr Sci & Technol,1,2
Uttaranchal Inst Pharmaceut Sci,1,0
UP Pt Deen Dayal Upadhyaya Vet Sci Univ,1,0
CSIR Inst Himalayan Bioresource Technol,3,3
Bal Umang Drishya Sanstha BUDS,1,0
Indian Acad Pediat,2,0
MRD Life Sci Pvt Ltd,1,0
Invertis Univ,2,0
90-66 A,1,0
Aspirat Acad Osmanpura,1,0
Mysore Med Coll & Res Inst,1,0
Mahatma Gandhi Cent Univ,6,54
TMBU,2,1
GRID Council,1,2
Gujarat Med Educ & Res Soc Med Coll,1,2
UGC DAE Consortium Sci Res,1,2
Guru Gobind Singh Coll Pharm,2,0
GD Goenka Univ,2,0
Chaitanya Bharathi Inst Technol,1,0
Silico Res Lab,1,4
LeGene Biosci Pvt Ltd,1,4
TERI Sch Adv Studies,6,11
Forest Res Inst FRI,2,7
SOA Deemed Be Univ,1,2
Govt Dent Coll,1,2
BVM Coll Pharm,3,5
Meerut Inst Engn & Technol,3,5
All India Inst Med Sci New Delhi,2,3
Krishna Univ Dr MRAR PG Ctr,1,0
Higher Educ Dept,2,76
Sakra World Hosp,1,1
Ramaiah Mem Hosp,1,1
Columbia Asia Hosp 6 4,1,1
People Tree Hosp,1,1
Vydehi Inst Med Sci,1,1
Bangalore Neuro Ctr,1,1
Mazumdar Shaw Med Ctr,1,1
Ahmedabad Univ,1,2
Camellia Inst Technol,1,2
StemOnc R&D Private Ltd,1,16
Mangla Hosp & Res Ctr,2,4
Kumar Child Clin,1,4
Dwarkadas J Sanghvi Coll Engn,1,0
Shobhaben Pratapbhai Patel Sch Pharm & Technol Ma,1,0
Dr DY Patil Biotechnol & Bioinformat Inst,1,1
MIT ADT Univ,2,7
Manasvi,1,6
Indian Law Soc,2,16
Voluntary Hlth Serv,1,0
Tata Inst Fundamental Res,7,95
ICMR,8,124
PRM Med Coll & Hosp,1,0
Gunam Multispecial Hosp,1,0
King George Hosp,1,0
Safdarjung Hosp Campus,1,1
Rajarajeswari Dent Coll & Hosp,1,0
Peerzadiguda,1,0
Kerala Univ Fisheries & Ocean Studies KUFOS,2,2
Natl Environm Engn Res Inst NEERI,1,0
Bombay Nat Hist Soc BNHS,1,0
IUCN SSC WI Freshwater Fish Specialist Grp FFSG,1,0
Biodivers Res & Conservat Soc,1,0
St Alberts Coll,1,0
Aaranyak,1,0
Kerala Forest Res Inst KFRI,1,0
Zoo Outreach Org ZOO,1,0
GSVM Med Coll,3,6
Vivekananda Polyclin & Inst Med Sci,1,0
Prathyusha Engn Coll,4,1
SCMS Inst Biosci & Biotechnol,1,1
Seethapathy Clin & Hosp,1,5
GITAM Univ,3,4
UGC DAE Consortium Sci Res Kolkata Ctr,1,4
Ramakrishna Mission Vidyamandira,3,4
Kidwai Mem Inst Oncol,1,2
Commiss Ecosyst Management CEM,1,52
BLDE Deemed Univ,2,20
CSIR Inst Minerals & Mat Technol CSIR IMMT,3,10
PSG Coll Arts & Sci,3,11
Univ Grants Commiss,1,6
Madras ENT Res Fdn,1,9
Gauhati Med Coll,1,5
Gangadhar Meher Univ,1,3
Pandit Ravishankar Shukla Univ,1,3
KD Hosp,2,2
Gem Hosp & Res Ctr,1,0
KIMS Livlife Ctr,1,0
Kular Hosp P Ltd,1,0
Max Super Specialty Hosp,3,3
Belle Vue,1,0
Apollo Spectra Hosp,1,0
Shreeji Hosp,1,0
Max Smart Super Special Hosp,2,2
Shree Hosp,1,0
IITD,1,13
Techno Int New Town,1,13
Mukand Lal Natl Coll,1,1
Multani Mal Modi Coll,1,1
Dayalbagh Educ Inst Deemed Univ,1,1
Govt Coll Engn & Text Technol,1,1
Jagadis Bose Natl Sci Talent Search,1,1
Ctr Interdisciplinary Res & Educ,1,1
KIIT Deemed Univ,2,3
ESIC Med Coll & Hosp,3,15
St Longowal Inst Engn & Technol,1,0
Bhagwant Inst Technol,1,0
Natl Inst Technol Silchar,4,5
MIOT Int Hosp,1,2
VIT Univ,5,20
Univ Grants Commiss UGC FRP,3,1
ICMR Natl Inst Res Environm Hlth,1,0
Cent Univ Tamil Nadu,4,2
Saveetha Dent Coll & Hosp,2,2
Govt Coll Engn & Leather Technol,1,1
Haldia Inst Technol,1,0
Rajagiri Business Sch,3,11
Topiwala Natl Med Coll & BYL Nair Ch Hosp,1,4
Gujarat Biotechnol Res Ctr GBRC,3,56
Indian Robot Solut Pvt Ltd IRS,1,11
Amity Inst Psychol & Allied Sci,1,0
NCR Biotech Sci Cluster,3,12
CSIR Natl Environm Engn Res Inst CSIR NEERI,4,59
ICAR Cent Inst Brackishwater Aquaculture,1,3
Indian Space Res Org,9,36
Kumaraguru Coll Technol,1,1
Tata Consultancy Serv,1,0
Mohanlal Sukhadia Univ,4,4
North Eastern Reg Inst Sci & Technol,2,1
ICAR Res Complex,2,2
Ramakrishna Mission Vivekananda Educ & Res Inst,2,1
Ctr Dev Adv Comp C DAC,2,11
Homi Bhabha Canc Hosp,2,4
CSIR Natl Environm Engn Res Inst,3,12
Inst Nano Sci & Technol,2,4
Natl Ctr Biol Sci,1,3
GD Hosp & Diabet Inst,3,97
College Med & JNM Hosp,1,62
Indian Inst Publ Hlth Delhi,1,1
Motihari Coll Engn,4,45
Prantae Solut Private Ltd,1,3
Vels Inst Sci Technol & Adv Studies,2,52
Rajalakshmi Engn Coll,2,14
ACS Med Coll & Hosp,1,13
IILM Coll Engn & Technol,1,8
NDMC Med Coll,2,83
RD Gardi Med Coll,1,2
UP Pandit Deen Dayal Upadhayay Pashu Chikitsa Vig,7,104
Peerless Hosp,1,1
Sanjay Gandhi Postgrad Inst Med Sci SGPGIMS,2,35
SMS Med Coll & Attached Grp Hosp,1,3
St Xaviers Coll Autonomous,1,0
Sri Balaji Vidyapeeth SBV Deemed Be Univ,1,1
Indian Council Med Res ICMR,4,46
MGM Inst Hlth Sci,2,0
IIIT Delhi,1,1
IPGMER Kolkata,1,1
AIIMS Rishikesh,1,0
Superspecial Pediat Hosp & PG Teaching Inst,1,0
Sarvodaya Hosp & Res Ctr,1,0
MUC Womens Coll,1,0
Visvesvaraya Technol Univ,1,0
Glocal Univ,2,3
IKG Punjab Tech Univ,2,3
Shoolini Univ,3,16
Laureate Inst Pharm,1,0
Ctr Data Anal Res & Training CDART,1,1
Int Crops Res Inst Semi Arid Trop,3,15
Indian Immunol Ltd IIL,1,4
Jehangir Hosp,1,2
Savitribai Phule Univ,1,2
IIITDM Kancheepuram,1,0
Data Foundry,1,0
Apollo Main Hosp,2,30
Sherikashmir Inst Med Sci,2,6
Chest Dis Hosp,1,6
Govt Degree Coll,1,3
ICAR Indian Inst Sugarcane Res,1,8
CSA Univ Agr & Technol,1,8
FLAME Univ,1,3
ICFAI Business Sch,1,3
Sukoon Psychotherapy Ctr,1,3
Saifee Hosp,3,1
Bharti Hosp,2,2
MMDU,2,22
South Asian Univ,2,2
Assam Agr Univ,2,2
Med Coll,1,7
Indian Inst Technol Jammu,1,14
Veer Narmad South Gujarat Univ,3,25
Bhabha Atom Res Ctr BARC,1,1
Sikkim Univ,1,4
Vellore Inst Technol VIT,3,14
Indian Inst Space Sci & Technol IIST,1,1
Natl Highway Author India,1,0
Dronacharya Coll Engn,1,0
IUCN,1,0
CSIR Natl Bot Res Inst,2,6
Birla Inst Technol Mesra,2,11
ABN Seal Coll,1,1
Gushkara Mahavidyalaya,1,1
Modern Coll Arts Sci & Commerce,1,1
Krishna Chandra Coll,1,1
All India Ophthalmol Soc,7,78
Shreeji Eye Clin,1,1
Palaks Glaucoma Care Ctr,1,1
L V Prasad Eye Inst,1,1
MGM Eye Inst,1,0
Post Grad Inst Ophthalmol,2,16
CBM,1,1
Postgrad Inst Ophthalmol,1,0
Mahathma Eye Hosp Pvt Ltd,1,1
Anderson Diagnost,1,1
Deenanath Mangeshkar Hosp & Res Ctr,2,1
Madhyanchal Profess Univ,1,1
Islamic Univ Sci & Technol,2,1
ICAR Cent Avian Res Inst,2,6
Indira Gandhi Natl Open Univ,1,0
BN MANDAL Univ,2,5
MBM Engn Coll,1,3
DBT Natl Inst Anim Biotechnol NIAB,1,0
Prasannadeb Womens Coll,1,1
SN Bose Natl Ctr Basic Sci,1,5
NIT Srinagar,1,12
Pramukhswarni Med Coll,1,2
PBDS UHS,1,2
Etiologically Elus Disorders Res Network EEDRN,2,7
Banaras Hindu Univ BHU,3,7
Community Welf Fdn India,1,1
KGMU Lucknow,1,60
Khallikote Univ,4,42
Indian Inst Chem Technol,1,0
ZunaChem Pvt Ltd,1,0
ICMR Headquarters,1,1
Univ Petr,1,1
KSRM Coll Engn A,1,0
Sree Vidyanikethan Engn Coll,1,0
Velagapudi Ramakrishna Siddhartha Engn Coll,2,6
United Engineers,1,0
M Kumarasamy Coll Engn,1,0
Saveetha Engn Coll Saveetha Nagar,1,0
Univ VOC Coll Engn,1,0
Graph Era Hill Univ,4,1
Pratiksha Inst Pharmaceut Sci,3,9
Smt SM Panchal Sci Coll,1,0
Reg Ctr Biotechnol,2,1
Int Dev Econ Associates IDEAs,1,1
IISc Bangalore,1,0
Bioinformat Grp,1,17
Electron Microscopy & Histopathol Grp,1,17
Natl Inst Virol,5,57
Diagnost Virol Grp,2,15
Maximum Containment Lab,4,80
Maximum Containment Facil,1,13
Sch Publ Hlth,1,41
Natl Inst Epidemiol,5,115
ICMR Sch Publ Hlth,2,88
Influenza Grp,3,65
Electron Microscopy,1,48
Bioinformat & Data Management Grp,2,48
King Inst Prevent Med & Res,2,28
Sawai Man Singh Med Coll,2,21
Gandhi Med Coll & Hosp,2,17
Byramjee Jeejeebhoy Med Coll,2,17
Gauhati Med Coll & Hosp,4,19
Enter Virus Grp,1,6
Anim House,1,6
Entomol Grp,1,6
Poliovirus Grp,1,6
Natl Ctr Dis Control,4,61
Hemwati Nandan Bahuguna Garhwal A Cent Univ,1,1
Hemwati Nandan Bahuguna Garhwal Univ,1,1
Gurukul Kangri Vishwavidhyalya,1,1
Coll Dent Sci & Hosp,1,1
Vijaygarh Jyotish Ray Coll,1,1
IIT Kanpur,4,38
ICAR Indian Inst Soil Sci,1,0
Modern Coll,1,10
DY Patil Educ Soc Inst Deemed Be Univ,2,30
Sir Parashurambhau Coll,1,10
Bhanwar Singh Porte Govt Sci Coll,1,14
Punyashlok Ahilyadevi Holkar Solapur Univ,1,6
Basic HealthCare Serv,1,2
Indian Fdn Fundamental Res,1,1
ICMR Natl Inst Malaria Res,4,9
Sree Gokulam Med Coll,2,1
Inst Child Hlth,3,0
Jai Narayan Vyas Univ,1,1
Deen Dayal Upadhyaya Gorakhpur Univ,1,4
Kumaun Univ Uttarakhand,2,5
Board Directors Venture Ctr,1,2
Project DEFY,1,5
Nitte Deemed Univ,4,7
Kuvempu Univ,1,3
Gurukula Kangri Vishwavidyalaya,2,6
Apollo & Gleneagles Global Hosp,1,0
Indian Inst Technol Hyderabad India,1,2
Dr DY Patil Vidyapeeth Deemed Univ,1,3
Inst Adv Res,4,11
Inst Med Sci,3,9
SUM Hosp,1,0
Motilal Nehru Natl Inst Technol,2,0
Med & Hlth,1,0
COVID Care Ctr,1,0
Karnavati Univ,6,19
PDPM Indian Inst Informat Technol Design & Mfg,3,8
Kasturba Med Coll & Hosp,9,21
Jubilee Mission Med Coll & Res Inst,1,1
Sri Sai Grp Inst,1,1
Dr SN Med Coll,3,3
Cent Agr Univ I,2,0
Community Hlth Ctr,1,0
RG Kar Med Coll & Hosp,2,7
Silchar Med Coll & Hosp,2,11
Gyan Ganga Inst Technol & Sci,1,0
Indian Inst Sci Educ & Res Mohali IISER Mohali,1,4
Indraprastha Apollo Hosp Delhi,1,4
Tirunelveli Dakshina Mara Nadar Sangam TDMNS Coll,1,3
Cent Inst Psychiat,3,11
Lalit Narayan Mithila Univ,3,12
Meditrina Inst Med Sci,1,2
Maulana Azad Med Coll & LN Hosp,1,0
Maharashtra Inst Med Sci & Res,1,3
Ashwini Rural Med Coll,1,3
Maharashtra Univ Hlth Sci,2,35
Datta Meghe Coll Physiotherapy,1,3
Meenakshi Acad Higher Educ & Res Deemed Be Univ,1,4
Naarayani Multispecial Hosp,1,4
Univ New South Wales UNSW,1,2
Manipal Acad Higher Educ MAHE,5,14
KLE Acad Higher Educ & Res KAHER,4,10
NITTE Deemed Be Univ,1,5
Goa Univ,10,76
SSKM Hosp,6,66
Sri Krishna Coll Technol,1,0
Gandhi Inst Technol Adv,2,0
Rajalakshmi Sch Business,1,0
Inst Management Technol Nagpur,1,0
Medanta,1,7
Charotar Univ Sci & Technol,1,3
Indian Acad Degree Coll Autonomous,1,3
Sumandeep Vidyapeeth,2,3
Kristu Jayanthi Coll Autonomous,1,3
Badarpur Said Tehsil Tigaon,1,3
PhiXGen Private Ltd,2,7
Energy & Resources Inst,2,7
Thapar Inst Engn & Technol Deemed Univ,1,0
Netaji Subhas Univ Technol,3,1
Motilal Nehru Natl Inst Technol Allahabad,3,2
Amala Canc Res Ctr,1,0
Mohanlal Shukhadia Univ,5,69
Rashtrast Tukad Maharaj Nagpur Univ,2,26
DIT Univ,1,1
Varanasi Coll Pharm,1,1
Clin Trials Registry India,1,0
ICMR Natl Inst Med Stat,1,0
Virol Unit,1,2
Div Epidemiol & Communicable Dis,1,2
Hlth Informat Ctr,1,1
Hepatitis Grp,1,0
Topiwalla Natl Med Coll,3,11
St Johns Med Coll,2,0
Seth Gordhandas Sunderdas Med Coll,3,0
King Edwards Med Hosp,1,0
Inst Postgrad Med Educ & Res,3,2
Med Coll Baroda,1,0
BJ Med Coll,3,2
Jawaharlal Inst Postgrad Educ & Res,1,0
WHO Country Off India,2,6
TKM Coll Engn,3,2
UKF Coll Engn & Technol,1,0
SCTIMST,2,38
Armed Forces Med Coll,3,2
ICMR Vector Control Res Ctr,2,30
Medipulse Hosp,1,0
Vasundhara Hosp & Infertil Ctr,1,0
Vardhman Mahavir Med Coll & Safdarjung Hosp,3,5
ICMR Natl Inst Res TB,4,35
Jan Swasthya Sahyog,2,38
Directorate Hlth Serv,2,35
ICMR Natl Inst Implementat Res Noncommunicable Di,2,35
ICMR Natl Inst Canc Prevent & Res,4,38
ICMR Natl AIDS Res Inst,4,132
ICMR Natl Inst Res Tribal Hlth,2,35
Natl TB Inst,2,35
State TB Training & Demonstrat Ctr,1,29
State TB Training & Demonstrat Ctr Ranchi,1,29
ICMR Natl Inst Nutr,6,67
ICMR Rajendra Mem Res Inst Med Sci,3,39
State TB Cell,1,29
Indian Inst Publ Hlth,2,73
Pimpri Chinchwad Municipal Corp,1,7
Sri Venkateswara Inst Med Sci,1,4
Apollo Hosp & Hlth City,1,1
Gleneagles Global Hosp LKP,1,1
Eras Lucknow Med Coll & Hosp,2,1
Pathkind Labs,1,2
Ctr Chron Dis Control,2,0
Madras Diabet Res Fdn,4,10
Malaviya Natl Inst Technol Jaipur,2,11
Malaviya Natl Inst Informat Technol,1,0
Jawahar Lal Nehru Univ,1,0
Univ Engn & Management,3,1
Indian Inst Space Sci & Technol,1,0
Qure Ai,1,0
Cent Electrochem Res Inst,1,1
Indian Inst Technol BHU,6,65
Dist Hlth Serv,1,0
Sree Chitra Tirunal Inst Med Sci & Technol,5,21
Govt Bikram Coll Commerce,1,3
KIET Grp Inst,4,3
Indian Inst Management Ranchi,1,0
Indian Inst Management Visakhapatnam,2,24
TA Pai Management Inst,1,0
Shanti Hosp & Res Ctr,1,0
Lady Hardinge Med Coll LHMC,1,0
McKinsey & Co Inc,1,1
Bundelkhand Univ,2,6
South Asia Int Food Policy Res Inst,1,1
IFPRI South Asia,1,1
Natl Inst Hlth & Family Welfare,1,0
JSS Med Coll,2,9
Univ Hort Sci,1,0
ICAR Indian Inst Hort Res Chettalli,1,0
Univ Agr Sci B,1,0
GRKIST,1,0
Jabalpur Engn Coll,1,0
Govt Tripura,1,1
KLEF,1,1
Bowring & Lady Curzon Hosp,1,6
Jawaharlal Nehru Hosp & Res Ctr,1,6
Scangene Labs Private Ltd,1,5
Bribal Sahni Inst Palaeosci,1,5
Ctr Mental Hlth Law & Policy,1,1
Pandit Deen Dayal Upadhayay Pashu Chikitsa Vigyan,5,100
Sri Krishnadevaraya Univ,2,2
Sri Guru Granth Sahib World Univ Fatehgarh Sahib,1,1
Kalinga Inst Ind Technol KIIT DU,1,2
Munger Univ,2,8
Indian Inst Trop Meteorol,5,22
Hygia Inst Pharmaceut Educ & Res,1,0
Seemanta Inst Pharmaceut Sci,1,0
ShriVenkateshwara Univ,1,0
Bimal Chandra Coll Law,1,3
Noor Enzymes Private Ltd,1,4
Novel Techsci OPC Private Ltd,1,4
BKL Walalwalkar Rural Med Coll,1,7
Birla Inst Technol & Sci Pilani,7,34
Manipal Coll Pharmaceut Sci MCOPS,1,3
Natl Inst Biomed Genom,5,54
GBPUAT,1,6
Jawaharlal Nehru Inst Med Sci,2,6
Sher e Kashmir Univ Agr Sci & Technol Kashmir,1,6
Tripura Univ,3,9
Clonegene Biosyst,1,3
MICA Sch Ideas,1,3
JIPMER,6,46
Redcliffe Life Sci Pvt Ltd,1,2
Govt MP,1,2
Takshashila Inst,1,1
Trilegal,2,1
Stem Plus Fdn,1,2
Jawaharlal Nehru Med Coll AMU,1,0
Aryabhatta Res Inst Observat Sci,3,5
Indian Inst Astrophys,1,4
JK Med Coll & LN Hosp,2,0
MVPs Dr VP Med Coll & Hosp & Res Ctr,2,0
Geol Survey India,1,3
Karnatak Univ Dharwad,1,2
Guru Nanak Inst Pharmaceut Sci & Technol,1,1
Ozone Forum India,1,0
Clin Dept,1,0
Lokmanya Med Res Ctr,1,0
Integrated Canc Treatment & Res Ctr,1,0
Indian Acad Sci Writing & Res,1,0
Forest Res Inst,2,6
Minist Agr & Farmers Welf,1,3
Inst Chem Technol,8,28
Sir JJ Grp Hosp,1,2
Visicare Eye Ctr,1,2
Kalpana Chawla Govt Med Coll & Hosp,1,2
Prime Vis Superspecial Eye Care,1,0
LV Prasad Eye Inst LVPEI,1,1
Sitapur Eye Hosp,1,0
Asian Dev Res Inst ADRI,2,38
SASTRA Deemed Be Univ,1,2
Kempegowda Inst Med Sci,3,0
GMERS Med Coll,1,11
Shalom Inst Hlth & Allied Sci SHUATS,1,16
Savitri Bai Phule Balika Inter Coll,1,9
Chettinad Acad Res & Educ,2,4
Ctr AIDS & Res Educ,1,4
Indian Council Med Res Hqrs,1,7
BCDA Coll Pharmaceut Technol,1,6
Immunocure Discovery Solut Pvt Ltd,1,6
Natl Acad Med Sci India,2,6
Mother & Child Hosp,1,3
Dr Patils Fertil & Endoscopy Clin,1,3
Hosp Inst Med Sci,1,3
Govt West Bengal,1,0
Cent Univ South,1,1
World Hlth Org Country Off India,1,6
AMET Univ,2,3
Bishop Heber Coll,2,3
Bonsecours Coll Women,1,2
Venous Assoc India VAI,1,0
Mahatma Gandhi Acad Human Dev,1,2
Bharati Vidyapeeth Coll Pharm,1,3
SRTM Univ,1,3
Aura Skin Inst,1,16
Deen Dayal Upadhyaya Coll,1,5
Delhi Univ,5,53
North DMC Med Coll,1,56
ICAR Natl Inst High Secur Anim Dis,3,52
Coll Med & Sagore Dutta Hosp,1,13
Calcutta Natl Med Coll & Hosp,1,13
Wysa,1,11
Saheed Hasan Khan Mewati Govt Med Coll & Hosp,1,10
Sri Shankara Canc Hosp & Res Ctr,1,1
Great Eastern Med Sch & Hosp,1,1
Nimra Inst Med Sci,1,1
Sterling Hosp,2,6
IGNOU,1,0
Sacred Heart Coll Thevara,1,0
Diabet Asian Study Grp DASG,1,198
Mahamana Pandit Madanmohan Malviya Canc Ctr,1,1
Sanskar Coll Pharm & Res,1,38
CSIR Cent Leather Res Inst,1,1
Indian Acad Cytologists,1,5
Dept Anim Husb,2,25
Lala Lajpat Rai Univ Vet & Anim Sci,1,4
CSIR Cent Bldg Res Inst,1,0
JSS Sci & Technol Univ,3,8
Sacred Heart Coll,1,1
Morning Star Home Sci Coll Angamaly,1,1
ACTREC Tata Mem Ctr,1,0
CSIR Inst Genom & Integrat Biol CSIR IGIB,2,15
Kurnool Med Coll,1,4
Ctr Adv Res Imaging Neurosci & Genom,1,4
Govt Inst Med Sci,1,4
Barnagar Coll,1,0
All India Inst Med Sci Bhubaneswar,1,3
Guru Jambheshwar Univ Sci & Technol,1,1
Max Healthcare,2,1
Max Hosp Smart,1,1
Punjab Engn Coll,2,3
Punjab Pollut Control Board,1,2
Shaheed Bhagat Singh State Tech Campus,2,3
Indian Sch Business,3,3
Ambedkar Univ,3,3
India Sch Business,1,2
India Forest Serv,1,2
Natl Inst Technol Calicut,2,0
Dinabandhu Andrews Inst Technol & Management,1,0
Mumbai Shoulder Inst,1,0
CSIR Natl Phys Lab,1,0
Govt Natl Capital Terr Delhi,1,0
Brainware Univ,2,0
Punjab Univ,2,1
Medanta Medicity Hosp,2,0
GMCH 32,1,0
Dr GC Negi Coll Vet & Anim Sci,1,19
Dr Mohans Diabet Special Ctr,2,2
NM Hosp,1,1
VAI,1,4
Kovai Med Ctr & Hosp,3,3
Medanta Med,1,3
Agharkar Res Inst,1,4
Kem Hosp & Res Ctr,1,13
Mangalayatan Univ,1,12
Inst Appl Med & Res,1,12
Sree Buddha Coll Engn,1,4
Natl Ctr Microbial Resource,1,61
TN Med Coll & BYL Nair Hosp,1,10
Syngene Int Ltd,2,0
Indian Inst Sci Educ & Res Thiruvananthapuram IIS,2,160
Indraprastha Inst Informat Technol,3,18
Mt Carmel Coll,1,1
Devi Ahilya Univ,3,0
Deepiot Private Ltd,1,0
Oxford Coll Engn,1,0
Ayurvet Ltd,1,0
Cluster Univ Srinagar,1,0
Natl Inst Food Technol Entrepreneurship & Managem,3,1
Sri Ram Murti Smarak Inst Med Sci SRMS IMS,1,0
Chhattisgarh Inst Med Sci,1,0
CSIR Ctr Cellular & Mol Biol,2,0
CSIR Cent Elect Engn Res Inst,1,0
Dakshin Fdn,1,0
Inst Adv Study Sci & Technol,1,0
JNU,1,0
IIT BHU,2,0
Manav Rachana Int Inst Res & Studies,1,0
KLE Inst Technol,1,0
Dukhulal Nibaran Chandra Coll,1,1
Darjeeling Govt Coll,1,1
Bangur Inst Neurosci,1,0
Rajiv Gandhi Univ,1,0
Kamineni Acad Med Sci & Res Ctr,3,1
St Johns Res Inst,2,2
Thapar Univ,2,7
Govt Dent Coll & Hosp Ahmedabad,1,0
Maulana Azad Dent Coll & Hosp,1,0
Sathyabama Univ Dent Coll & Hosp,1,0
Yenepoya Univ,1,0
Apollo Special Hosp OMR,1,0
Apollo Special Hosp Vanagaram,1,0
Am Univ Uttar Pradesh,1,0
Sana Coll Pharm,2,13
JNTUA,1,0
Sri Ramachandra Med Coll & Res Inst,1,0
CSIR Fourth Paradigm Inst CSIR 4PI,1,0
Indian Inst Chem Technol CSIR IICT,1,0
Adobe,1,0
Mahatma Gandhi Cent Univ Motihari,2,0
Future Inst Engn & Management,2,4
Bankura Univ,1,0
Srima Balika Vidyalaya,1,0
Dr Bhanuben Nanavati Coll Pharm,1,1
Mahatma Gandhi Occupat Therapy Coll,1,0
CSIR NEERI,3,23
CSIR Cent Rd Res Inst CRRI,1,0
MarksMan Healthcare Commun & KYT Adhere,1,0
MarksMan Healthcare Commun,1,0
Inst Engn & Technol,2,1
Inst Econ Growth,1,1
Babasaheb Bhimrao Ambedkar Cent Univ,1,10
Madura Coll,1,2
Madurai Kamaraj Univ,4,12
CL Gupta Eye Inst,1,1
Dua Neuropsychiat Ctr,1,1
Sunetra Eye Care Ctr,1,1
Al Shifa Coll Pharm,1,1
St Thomas Coll,1,0
Glowderma Pvt Ltd,1,0
Mepco Schlenk Engn Coll,2,3
Neogen Informat,1,1
Subharti Med Coll,1,0
MIT Sch Bioengn Sci & Res,1,0
Mental Hlth Fdn,1,0
IIEST Shibpur,1,0
Sri Sathya Sai Univ Human Excellence,1,2
Fernandez Hosp,1,1
Surya Childrens Medicare,1,1
Apollo Cradle,1,1
Dr Vasantrao Pawar Med Coll,3,9
BV Patel Pharmaceut Educ & Res Dev PERD Ctr,1,2
Indian Inst Adv Res,2,2
TIFR,1,0
Vignans Fdn Sci Technol & Res,4,14
ICAR Indian Inst Seed Sci,2,1
Govt Med Coll Srinagar,1,1
SVKMs Dr Bhanuben Nanavati Coll Pharm,1,3
Rajkiya Engn Coll,1,1
Cent Mine Planning & Design Inst Ltd CMPDIL,1,1
Gopal Narayan Singh Univ,1,4
Abeda Inamdar Coll,1,11
Zool Survey India,2,7
Womens Inst Social & Hlth Studies,1,0
MM Inst Med Sci & Res,2,11
Natl Hlth Miss Punjab,1,1
Desh Bhagat Univ,1,1
Guru Nanak Dev Engn Coll,1,1
Vel Tech Rangarajan Dr Sagunthala R&D Inst Sci &,3,3
Jeppiaar Educ Trust,1,2
St Aloysius Coll Autonomous,1,0
Father Muller Med Coll,1,0
Def Inst Physiol & Allied Sci,3,2
Minist Def,1,2
Darrang Coll,1,4
TCRP Fdn,1,4
Univ Sci & Technol,1,4
ACE Heart & Vasc Inst,1,0
Bodoland Univ,3,6
North Orissa Univ,2,1
Kalinga Inst Ind Technol,2,6
MACS Agharkar Res Inst,1,1
BAIF Dev Res Fdn,1,1
Dept Neurol,1,11
Dept Pharmacol,2,11
ESIC Hosp,1,22
CV Raman Gen Hosp,1,22
Skin Saga Ctr Dermatol,2,14
LEPRA Soc,1,0
Madras Med Mission,3,6
TATA Mem Canc Ctr,1,3
Patliputra Univ,1,7
Rohilkhand Med Coll & Hosp,1,8
Seth GS Med Coll,4,18
CBR Global Network,1,7
TNMC & BYL Nair Ch Hosp,1,44
HiTech Med Coll,1,44
Asha Hosp,1,44
Mahatma Gandhi Inst Med Sci,2,64
WBUHS,1,44
NRS Med Coll,3,57
Gautam Hosp & Res Ctr,1,44
Manoved Mind Hosp,2,53
Abhaya Hosp,2,13
Spandana Hlth Care,2,13
Dr Parmod Clin,2,13
TN Nair Med Coll,1,20
Peoples Med Coll,1,20
KIMS,2,24
Gaur Mental Hlth Clin,1,20
Vivekananda Inst Mental Hlth,1,20
Midha Neuropsychiat Ctr,1,20
Somnos Sleep Clin,1,20
Addict Res Grp,1,16
Fortis CODC Hosp,1,12
Govt Dent Coll & Hosp Nagpur Maharashtra,1,10
CSIR Ctr Cellular & Mol Biol CCMB,1,14
CSIR Indian Inst Chem Technol IICT,1,14
Kakatiya Med Coll,5,60
Talwar & Talwar Consultants,1,8
Indian Council Med Res Natl Inst Epidemiol,1,28
DCIDS Med,1,2
Fortis Grp Hosp,2,2
SGRD Inst Med Sci & Res,1,16
King Edward Mem Hosp,5,14
Seth GS Med Coll KEM Hosp,1,0
Rangaraya Med Coll,2,1
Charotar Univ Sci & Technol CHARUSAT,1,1
Bihar Agr Univ,1,0
Lady Shri Ram Coll Women,1,0
ICMR NIREH,1,0
Savitribai Phule Pune Univ Campus,1,0
Smt Kashibai Navale Coll Pharm,5,71
Reg Ayurveda Res Inst Drug Dev,5,27
Cent Council Res Ayurved Sci,2,3
Command Hosp Air Force Bangalore,1,1
PRADO Pvt Ltd,1,0
Just Bespoke Advisory LLP,1,0
Sinha Inst Med Sci & Technol,1,0
OIST,1,0
Rajasthan Tech Univ Kota,1,0
Deen Dayal Upadhayay Pashu Chikitsa Vigyan Vishwa,1,203
GB Pant,1,38
GB Pant Hosp,2,40
Devdoss Hosp,1,38
Techno India Coll Technol,3,90
Dinabandhu Andrews Coll,2,39
Bangur Inst Neurosci BIN,1,6
Berhampore Mental Hosp,1,6
Swargiya Dadasaheb Kalmegh Smruti Dent Coll & Hos,2,1
Oncoderm Clin,1,1
CSIR Inst Himalayan Bioresource Technol CSIR IHBT,2,14
Def Inst Adv Technol,1,0
MES Med Coll Hosp,2,12
MJP Rohilkhand Univ Bareilly,2,10
Uttarakhand Tech Univ,2,0
Coll Engn Roorkee COER,1,0
Bhilai Inst Technol,2,0
Sri Sathya Sai Inst Higher Learning,3,11
Natl Coll Pharm,1,10
Natl Inst Pharmaceut Educ & Res Hyderabad,1,3
MARS Training Acad,1,3
SRM IST,1,6
VIT,2,52
MBB Coll,1,2
CORE Diagnost,1,14
Adv Med Res Inst & Prolife Diagnost,1,14
Pune Hosp,1,0
Sriram Sameeksha,1,24
Suraj Darshan,1,24
Cent Univ South Bihar,2,25
EduBooster Learnings,1,24
DAV Inst Engn & Technol,1,3
Turakhia Opticians,1,1
Saoji Vis Care,1,1
Assoc Sch & Coll Optometry India ASCO India,1,1
Optometry Council India OCI,1,1
Indian Optometr Assoc IOA,1,1
Int Assoc Contact Lens Educ IACLE,1,1
Indian Optometry Federat,1,1
JECRC Univ,1,0
CSIR Cent Inst Med & Aromat Plants,2,2
Shroff Eye Ctr,1,2
Postgrad Inst Med Educ PGIMER,1,2
Postgrad Coll,1,4
B005 Meenakshi Class,1,1
Hemwati Nandan Bahuguna Garhwal Univ Srinagar,1,1
Gurukula Kangri Deemed Univ,1,1
Sardar Bhagwan Singh Univ,1,1
Atal Bihari Vajpayee Inst Med Sci,1,1
Ras Bihari Bose Subharti Univ,1,1
Ramkrishna Mahato Govt Engn Coll Purulia,1,0
Natl Inst Technol Meghalaya,3,58
Techno Main Salt Lake,1,0
Jalpaiguri Govt Engn Coll,1,0
Delhi Inst Pharmaceut Sci & Res DIPSAR,1,0
LLRM Med Coll,1,0
Maharashtra Univ Hlth Sci MUHS,1,2
Johns Hopkins India Private Ltd JHIPL,1,0
Shri Maharaja Hari Singh Hosp,1,0
King Edward Mem Hosp Res Ctr,1,1
INCLEN Trust Int,1,1
Prathima Inst Med Sci,1,0
Vydehi Inst Med Sci & Res Ctr,1,0
BLDE Univ,1,0
Ganapthi Degree Coll,1,0
Inst Pharm & Technol,1,0
Indian Inst Sci Educ & Res Pune,1,0
Wipro Technol,1,0
Univ Innovat,3,3
MGM Med Coll,1,0
DY Patil Med Coll,1,0
Chirayu Med Coll,1,0
Int Management Inst,2,0
Reg Inst Educ NCERT,1,0
State Legal Serv Author,1,0
Oxford Coll Sci,1,0
VV Inst Pharmaceut Sci,2,18
Sri Venkateswara Univ,2,1
NITTE Deemed Univ,1,0
Jawaharlal Inst Postgrad aed Educ & Res JIPMER,1,0
Cent Univ Tamilnadu,1,0
Acharya Nagarjuna Univ,3,0
Indian Inst Sci Educ & Res IISER Berhampur,1,1
Masonic Med Ctr,1,6
DrRela Inst & Med Ctr,1,6
GMCH,2,20
Rainbow Childrens Hosp Grp,1,19
Nanavati & Hinduja Hosp,1,19
Dr RJ Ganatras Nursing Home,1,19
Arihant Womens Hosp,1,19
Surya Hosp,1,19
VMMC & SJH,1,19
BPCH & Tertiary Care Ctr,1,19
Med Res Inst KDAHMRI,1,19
Ashwini Matern & Surg Ctr,1,19
Behrampore Mental Hosp,1,51
Wipro Ltd,1,1
Ramco Inst Technol,1,1
VO Chidambaram Coll,3,34
Natl Inst Technol Jamshedpur,2,6
Naval Matern & Nursing Home,1,0
Federat Obstetr & Gynecol Soc India,1,0
Sri Venketeshwaraa Med Coll,1,0
Midam Charitable Trust,1,0
Nat Conservat Fdn,1,0
Diamond Harbour Govt Med Coll & Hosp DHGMC,1,1
Signy Adv Technol,1,2
GenePath Diagnost India Pvt Ltd,1,0
Vilasrao Deshmukh Govt Inst Med Sci,1,0
Inst Competitiveness,1,0
Bhagwan Parshuram Inst Technol,1,0
Mody Univ Sci & Technol,2,0
Coll Engn Perumon,1,3
Modern Inst Pharmaceut Sci,1,0
Govt Engn Coll,1,0
Pt Ravishankar Shukla Univ,3,42
Maharaja Agrasen Inst Management Studies,1,0
NorthCap Univ,1,0
Vivekananda Inst Profess Studies Tech Campus,1,0
Chaudhary Charan Singh Haryana Agr Univ,1,0
Peoples Coll Dent Sci & Res Ctr,1,1
Shri Venkateshwara Dent Coll,1,1
Oncol Apollo Hosp,1,0
Sri Ramachandra Inst Higher Educ & Res,2,1
Ranchi Univ,3,8
Def Inst Physiol & Allied Sci DIPAS,1,0
Sonam Norboo Mem SNM Hosp,1,0
Indian Inst Technol Madras IIT M,1,8
Dayananda Sagar Coll Engn,2,37
Anand Eye Inst,1,0
GHR Micro Diagnost,1,0
Int Maize & Wheat Improvement Ctr CIMMYT,1,2
CIMMYT,1,2
IRRI South Asia Reg Ctr ISARC,1,2
Int Rice Res Inst IRRI,1,2
Indian Council Agr Res ICAR,1,2
ICAR Cent Soil Salin Res Inst CSSRI,1,2
ICAR Agr Technol Applicat Res Inst ATARI,1,2
Lelafe IT Solut,1,73
Schizophrenia Res Fdn SCARF,1,14
Bhupal Nobles Univ,2,3
Jai Narain Vyas Univ,1,0
VMMC & Safdarjung Hosp,1,0
Malaria Eliminat Demonstrat Project,1,6
Natl Inst Res Tribal Hlth ICMR NIRTH,1,6
Govt Madhya Pradesh,1,6
Fdn Dis Eliminat & Control India,1,6
Jhpiego,1,6
InStem,1,0
St Berchmans Coll,1,2
Mrs AVN Coll,1,2
Cent Inst Med & Aromat Plants,2,52
GITAM Deemed Univ,4,6
Ram Eesh Inst Vocat & Tech Educ,1,4
CHRIST Deemed Be Univ,1,11
Maharishi Markandeshwar,2,11
Lady Hardinge Med Coll & Associated Hosp,2,8
Patanjali Res Fdn,1,0
Dr Yashwant Singh Parmar Univ Hort & Forestry,1,0
Swami Vivekanand Ayurved Panchakarma Hosp,1,0
BPHE Soc Ahmednagar Coll,1,0
Reg Ayurveda Res Inst,1,0
Cent Ayurveda Res Inst Cardiovasc Dis,1,0
All India Inst Ayurveda,1,0
Mangalore Univ,2,0
Kurukshetra Univ Kurukshetra,1,0
Uttarakhand Sanskrit Univ,1,0
Indian Assoc Yoga,1,0
Govemment Ayurved Hosp,1,0
Aligarh Unani Ayurved Med Coll,1,0
Natl Inst Unani Med,1,0
Birla Inst Technol & Sci BITS,1,1
Marwadi Educ Fdn Grp Inst,1,1
Marwadi Univ,1,1
Cent Mine Planning Design Inst,1,1
Shri Vile Parle Kelvani Mandals Inst Pharm,1,0
Govt Kerala,4,8
Int Inst Informat Technol,1,0
Jaypee Univ Engn & Technol,1,0
ICAR Indian Vet Res Inst Reg Stn,1,0
Dr DY Patil Med Coll,2,3
NIT Silchar,1,0
Gurudas Coll,1,14
Govt Coll Women,2,3
Acharya Inst,1,1
IIIT Allahabad,2,3
Baba Ghulam Shah Badshah Univ,1,1
BR Ambedkar Bihar Univ,1,1
Byramjee Jeejeebhoy Govt Med Coll & Sassoon Gen H,2,16
Maharishi Markandeshwar Inst Med Sci & Res MMIMSR,1,1
Mahatma Gandhi Missions Med Coll,3,18
NAMO Med Educ & Res Inst,1,1
NichiIn Ctr Regenerat Med NCRM,1,5
Marudupandiyar Coll & Lysine Biotech Pvt Ltd,1,1
GTN Arts Coll,1,1
GATE Acad,1,1
Madha Med Coll & Res Inst,1,6
Meenakshi Med Coll Hosp & Res Inst,1,6
Saveetha Med Coll Hosp,1,6
Bharat Biotech Int Ltd,4,17
RCC Labs India Private Ltd,1,1
Natl Inst Virol Indian Council Med Res NIV ICMR,1,1
Natl Inst Pharmaceut Educ & Res Raebareli,1,0
Bioinformat Ctr,1,0
AMITY Univ,1,0
Biotech Pk,1,0
Patna Womens Coll,1,0
Patna Univ,5,30
PC Vigyan Mahavidyalaya,1,0
Dharmapuram Gnanambigai Govt Arts Coll Women,1,0
Harcourt Butler Tech Univ,1,0
Goa Inst Management,3,50
Inst Nanosci & Technol INST,1,0
Sri Ramachandra Inst Higher Educ & Res Deemed Uni,2,0
Rajiv Gandhi Univ Hlth Sci Bachelor Pharm,1,0
Rajiv Gandhi Univ Hlth Sci,1,0
IRCS,1,0
Amrita Vishwavidyapeetham,1,0
CSIR Ctr Cellular Mol Biol,1,0
CSIR Headquarters,1,0
Abasaheb Garware Coll,1,0
Jagannath Kishore Coll,1,3
Habitat Ctr,2,50
Mu Sigma Inc,1,0
SIWS Coll,1,0
PSG Inst Adv Studies,1,0
Tata Mem Ctr TMC,1,0
Pt BD Sharma Postgrad Inst Med Sci,1,1
Ramaiah Int Ctr Publ Hlth Innovat,1,1
Purnea Mahila Coll,1,1
Shadan Inst Med Sci,1,2
ICMR India Canc Res Consortium,1,3
IIT Delhi,2,0
Sikkim Manipal Univ,2,10
SETS Coll Pharm,1,1
Chanabasava Nilaya,1,1
JSS Coll Pharm,1,1
Inst Post Grad Med Educ & Res & SSKM Hosp,1,0
Uttarakhand Ayurved Univ,1,0
Pt Lalit Mohan Sharma Govt Postgrad Coll,1,0
Maulana Azad Med Coll & Associated Lok Nayak Hosp,1,1
Dr Balaji Diabet Care Ctr,1,2
Dr Seshiah Diabet Res Inst,1,2
Vivekananda Inst Med Sci,1,2
Osmania Gen Hosp,3,6
Divakars Specialty Hosp,1,2
Jain Hosp,1,2
Diabet Pregnancy Study Grp India,1,2
RTM Univ,3,43
Indian Assoc Cultivat Sci,4,38
Dr RML Hosp,1,2
ABVIMS,1,2
Jiwaji Univ,1,34
Kristu Jayanti Coll,1,8
Symbiosis Int Deemed Univ,3,51
Food Qual Anal & Biochem Div,1,8
Raksha Shakti Univ,1,36
Univ Jammu J&K,1,0
JETs ZB Patil Coll,1,1
Madras Christian Coll Autonomous,1,1
IIT Kharagpur Extens Ctr,1,2
Sapala Organ Pvt Ltd,1,2
MVPs DrVP Med Coll & Hosp & Res Ctr,1,0
Indian Inst Remote Sensing,4,15
Kamineni Hosp,1,1
Directorate Anim Husb,1,5
Pandit Bhagwat Dayal Sharma Univ Hlth Sci,1,0
Govt Polytech Women,1,0
Allign Consultancy Serv,1,0
Rainbow Multispecial Hosp,1,0
ICMR Reg Med Res Ctr Gorakhpur,1,0
MM Univ,1,0
Stanford Labs Pvt Ltd,1,0
IEC Univ,1,0
Apollo Indraprastha Hosp,1,0
Sangath,1,0
Indian Inst Geomagnetism,1,0
Natl Remote Sensing Ctr,2,0
Bharati Vidyapeeths Dr Patangrao Kadam Mahavidyal,1,0
Natl Inst Cholera & Entr Dis,1,0
Fergusson Coll Autonomous,1,0
Prashanti Canc Care Mission,1,0
Rajiv Gandhi Proudyogiki Vishwavidyalaya,1,0
Maulana Azad Med Coll & Associated Hosp,1,0
Lok Nayak Hosp,4,6
RD Univ,2,0
Natl Inst Technol Manipur,1,0
KAHER JN Med Coll,2,1
Gujrat Med Educ & Res Soc Med Coll,1,1
Mamata Med Coll,1,1
Metropolitan Hosp,2,1
Krea Univ,2,0
Parala Maharaja Engn Coll,1,0
Pushpagiri Coll Nursing,1,1
CMC Hosp,1,0
Thirumalai Mission Hosp,1,0
CSIR Inst Minerals & Mat Technol,1,0
Vikram Sarabhai Space Ctr,3,7
North Eastern Space Applicat Ctr,1,0
Indian Inst Mineral & Mat Technol,1,0
GB Pant Inst Himalayan Environm & Dev,1,0
Tamil Nadu Agr Univ,1,0
Sri Krishna Devaraya Univ,1,0
DDU Gorakhpur Univ,1,0
Phys Res Lab,1,0
Indian Space Res Org ISRO,1,1
Cooch Behar Polytech,1,1
Dr Mohans Diabet Specialties Ctr,1,5
Panjab Univ Campus,1,5
ToxiVen Biotech,1,0
Credit Suisse Private Ltd,1,3
Council Sci & Ind Res Indian Inst Chem Biol CSIR,1,5
Indian Inst Chem Biol Translat Res Unit Excellenc,1,5
IAP BLS Grp,1,0
Kalawati Saran Children Hosp,1,0
DBT Wellcome Trust India Alliance,1,0
Ernakulam Med Ctr,1,0
Sri Manakula Vinayagar Med Coll & Hosp,1,0
All India Inst Med Educ & Res,1,7
Indian Coll Obstetricians & Gynaecologists,1,19
Koneru Lakshmaiah Educ Fdn KLEF,1,17
NRI Med Coll & Gen Hosp,1,17
Dr GM Taori Cent India Inst Med Sci,1,0
Amrita Inst Med Sci,1,0
Bharati Vidyapeeth Med Coll,2,3
Krishna Inst Med Sci,2,3
KEM Hosp Murnbai,1,0
Care Hosp,1,0
Avitis Inst Med Sci,1,0
Hiralal Bhakat Coll,1,0
Amity Univ Kolkata,1,0
Indian Inst Trop Meteorol IITM,1,1
Amity Univ Haryana AUH,1,1
Minist Earth Sci MoES,1,1
Visva Bharati Univ,2,29
Thapar Inst Engn & Technol Patiala India,1,0
Mahatma Jyotiba Phule Rohilkhand Univ Bareilly,1,3
ICAR Natl Dairy Res Inst,1,1
Kalpana Chawla Govt Med Coll,1,1
ABES Engn Coll,1,0
Meerut Inst Technol,1,0
Sister Nibedita Govt Gen Degree Coll Girl,1,0
Dr Harisingh Gour Cent Univ,2,21
Banasthali Vidyapith,1,0
Asutosh Coll Estd 1916,1,0
Delhi Pollut Control Comm,1,0
ICAR Cent Inst Agr Engn,1,2
GGSSS,1,6
Manonmaniam Sundaranar Univ,1,11
KL Univ,1,1
Jain Univ,2,3
VN Allergy & Asthma Res Ctr,2,22
Saveetha Med Coll,1,1
Shri GS Inst Technol & Sci,1,0
CSK Himachal Pradesh Agr Univ,1,0
Indian Inst Management IIM,1,0
Indian Inst Technol ISM,3,1
Janakpuri Super Special Hosp,1,0
Hindu Mission Hosp,1,1
Indian Inst Technol Bhilai,2,1
Himalayan Inst Pharm & Res,1,0
Era Med Coll,1,0
CSIR Ctr Cellular & Mol Biol CSIR CCMB,2,11
Anna Univ Bioincubator,1,1
Hosp & Dr Khans ENT Res Ctr,1,3
Mahatma Gandhi Med Coll & Res Inst,1,1
BPUT,1,5
Diamond Harbour Womens Univ,2,38
Univ Jammu,2,7
Rizvi Coll Engn,1,9
Rammohan Coll,1,0
Visva Bharati Cent Univ,3,4
Dept Radiodiag,1,0
Dept Pulm Med,1,0
Ctr Study Sci Technol & Policy,1,0
ILK Labs,1,0
Sri Sathya Sai Inst Higher Learning SSSIHL,1,0
Cent Leprosy Teaching & Res Inst CLTRI,1,0
Sri Sathya Sai Higher Secondary Sch SSSHSS,1,0
CSIR Cent Electrochem Res Inst CECRI,1,6
Indian Inst Management Tiruchirappalli,2,42
Inst Bioresources & Sustainable Dev Reg Ctr,1,0
Inst Bioresources & Sustainable Dev,2,3
Ctr Innovat & Appl Bioproc,1,0
Woxsen Sch Business,1,11
RDT,1,0
Supreme Knowledge Fdn Grp Inst,1,9
RozaBagh,1,6
NASC Complex,1,0
ICAR Natl Bur Plant Genet Resources,1,0
CSIR Indian Inst Chem Technol,2,16
Bahona Coll,1,4
GMR Inst Technol,2,7
KSCSTE Ctr Water Resources Dev & Management,1,0
Kerala State Pollut Control Board,1,0
Kerala State Council Sci Technol & Environm,1,0
JMI Univ,1,2
Al Falah Univ,1,2
Deen Dayal Upadhayay Vet Sci Univ & Cattle Res In,1,7
Birla Inst Technol & Sci Bits,1,78
Digital Training Dept,1,1
UP Pt Deen Dayal Upadhayay Pashu Chikitsa Vigyan,1,63
Dr DP Rastogi Cent Res Inst Homeopathy,1,7
Dr Anjali Chatterjee Reg Res Inst Homeopathy,1,7
Govt Kilpauk Med Coll,1,1
Sundaram Hlth Ctr,1,1
Gian Sagar Med Coll & Hosp,1,9
Indian Spinal Injuries Multispecialty Ctr,1,1
Medicity,1,32
Seth GSMC&KEM Hosp,1,32
Medicity Hosp,1,4
GH Raisoni Coll Engn,1,20
BS Coll Pharm,1,3
Samastipur Coll,1,13
Garden City Univ,1,22
Natl Inst Elect & Informat Technol NIELIT,1,0
Somaiya Superspecial Ctr,1,0
Medihope Hosp,1,0
Sanjeevani Hosp,1,0
Bhatia Hosp,1,0
Highland Superspecial Hosp,1,0
Karuna Hosp,1,0
Criticare Hosp & Res Ctr,1,0
Wockhardt Superspecial Hosp,1,0
Patel Clin,1,0
Rathod Nursing Home,1,0
ICCU,1,0
SANA Coll Pharm,1,2
Scott Christian Coll Autonomous,2,3
Manonmaniam Sundarnar Univ,1,0
Indian Inst Tedmol Bombay,1,6
Kerala Vet & Anim Sci Univ KVASU,1,6
Natl Inst Virol NIV,1,6
TMC Hosp,1,6
Natl Ctr Cell Sci NCCS,1,6
Inst Adv Virol,1,0
Moti Lal Nehru Med Coll,3,4
Cent Council Res Homoeopathy,1,0
Fdn Healthcare Technol Soc,1,0
Govt Stanley Med Coll,1,4
Muljibhai Patel Urol Hosp,3,11
Aditya Birla Hosp,1,4
Lancelot Kidney Ctr,1,4
Medanta Medic,2,8
Opal Hosp,1,4
Acharya Vinoba Bhave Rural Hosp,1,4
Neotia Getwel Healthcare Ctr,1,4
Global Hosp,3,16
Aaarupadai Veedu Med Coll & Hosp,1,13
Jawaharlal Inst Post Grad Med Educ & Res,1,13
Rabindra Bharati Univ,1,16
Malda Coll,3,119
Jawaharlal Nehru Univ JNU,2,45
Shroff SR Rotary Inst Chem Technol,1,41
Jawaharlal Nehru Technol Univ,1,0
Amaravathi Metropolitan Reg Dev Author,1,0
Swami Dayanand Hosp,1,0
Natl Inst Ind Engn,1,0
Fdn Med Res,1,0
Ctr Dev Studies,1,0
MedGenome Labs Ltd,1,1
SciGenom Labs Pvt Ltd,1,1
AgriGenome Labs Private Ltd,1,1
SciGenom Res Fdn,1,1
Holy Spirit Hosp,1,0
MAMC Med Coll & Lok Nayak Jai Prakash Narayan Hos,1,0
Topiwala Natl Med Coll & BYL Nair Charitable Hosp,2,0
Indian Coll Phys & Lilavati Hosp,1,0
Biocon Biol India Ltd,2,6
Indian Council Forestry Res & Educ,1,0
Bapaye Eye Hosp,2,0
Dr Agarwals Eye Hosp Sanpada,1,0
Lata Med Res Fdn,1,0
Dr Sampurnanand Med Coll,2,0
Maharashtra Inst Med Educ & Res,1,0
Meenakshi Acad Higher Educ & Res,2,10
Calcutta Med Coll,1,0
TN Med Coll & BYL Nair Charitable Hosp,1,0
MS Univ,1,0
SKUAST,1,0
Sher E Kashmir Inst Med Sci,1,0
Med Eth Soc,1,3
Samvedna Grp Hosp & Res Ctr,1,9
Peoples Coll Med Sci,1,9
Interact Res Sch Hlth Affairs IRSHA,1,9
KG Med Univ,1,9
Elect World Psychiat Assoc,1,9
MGIMS,1,9
BRAIN PSYCHO CLIN,1,9
Samvedna Happiness Hosp,1,2
Kamla Nehru Mem Hosp,1,2
Tribhuvan Univ,1,2
Nanjappa Hosp,1,0
Anubhuti Res Ctr,1,0
Ramaiah Inst Technol,1,0
Sastra Univ,1,3
SSSIHL,1,0
Ajay Kumar Garg Engn Coll,1,0
BEL,1,0
Goa Coll Pharm,1,0
OP Jindal Univ,1,0
Dist Malaria Off,1,2
Netaji Subhash Chandra Bose Med Coll,1,0
Indian Inst Technol Palakkad,3,30
Rajarshee Chhatrapati Shahu Maharaj Govt Med Coll,2,0
Postgrad Inst Med Educ & Res Chandigarh,2,4
Govt Med Coll Hosp GMCH,1,0
Nodal Officer Covid Volunteers Hlth,1,0
AIIMS Bhatinda,1,0
Volunteer Corona Sena Volunteer Grp,1,0
Corona Sena,1,0
Rajasthan Univ Hlth Sci,2,6
Indian Inst Sci Bangalore,2,1
CSIR Indian Inst Chem Technol CSIR IICT,2,8
CSIR Indian Inst Chem Technol CSIR IICT Dispensar,1,8
Quanta Calculus Pvt Ltd Kushinagar,1,0
Deen Dayal Upadhyay Gorakhpur Univ,1,0
Breach Candy Hosp,2,7
Kamaraj Coll Engn & Technol,1,0
Sassoon Gen Hosp,3,10
Sukanti Degree Coll,2,14
Fakir Mohan FM Univ,1,0
Ewing Christian Coll,1,8
GSK Himachal Pradesh Agr Univ,1,6
Rajiv Gandhi South Campus Banaras Hindu Univ,1,6
Tara Hosp,2,29
Visva Bharati,5,11
Panihati Mahavidyalaya,1,4
KJ Somaiya Coll Sci & Commerce,1,2
Jawaharlal Nehru Trop Bot Garden & Res Inst,1,0
Rajagiri Coll Social Sci Autonomous,1,0
CSIR Natl Inst Interdisciplinary Sci & Technol CS,1,0
Natl Environm Engn Res Inst,1,7
DRDO Ctr Life Sci,1,2
Sripat Singh Coll,1,3
Natl Inst TB & Resp Dis,1,1
MITS Sch Biotechnol,1,0
Ceut & Chem Healthcare Pvt Ltd,1,4
Indian Vet Res Inst IVRI,2,7
JSS AHER,1,4
GROW Soc,1,1
Regency Healthcare,1,1
Srivastava Hosp,1,6
ASCOMS Med Coll & Hosp,1,6
Lotus Hosp,2,7
VIGOS Hosp,1,6
Indian Assoc Gastrointestinal Endo Surg,1,1
Nayabasat PM Sikshaniketan,1,48
JNTUK,1,18
Sree Sai Dent Coll & Res Inst,1,18
LJ Inst Pharm,1,91
KB Inst Pharmaceut Educ & Res,1,91
Dayananda Sagar Univ,1,2
Madanapalle Inst Technol & Sci,2,4
VIT Bhopal Univ,2,3
ABV Indian Inst Informat Technol & Management,1,10
Resplendent Cosmet Studio,1,0
SGRDIMS & R,1,0
Hair Fair Skin Clin,1,0
VLCC Clin,1,0
LeJeune Grp Medspas,1,0
SYNOVACARE Clin,1,0
Hlth & Harmony Clin,1,0
Dermadent Skin & Dent Clin,1,0
Nair Dent Coll & Hosp,1,4
JCD Dent Coll Vidyapeeth,1,4
Union South East Asia Off,1,1
Dr DY Patil Inst Pharmaceut Sci & Res,1,1
SVKMs NMIMS,3,12
Homi Bhabha Canc Hosp & Res Ctr,1,1
Thryve,1,0
Int Union TB & Lung Dis,1,1
Yenepoya Deemed Be Univ,1,1
IFTM Univ,1,6
Heritage Inst Technol,1,6
Infosys,1,30
BV Raju Inst Technol,1,6
Govt MGM PG Coll,1,7
Def Res & Dev Org DRDO,1,7
Hlth Syst Res India Initiat HSRII,1,1
Ctr DNA Fingerprinting & Diagnost,1,1
Mil Hosp Kirkee,1,0
Jagan Inst Management Studies,1,8
Soc Appl Studies,2,1
Community Empowerment Lab,2,1
Maharani Lakshmi Ammanni Coll Women mLAC,1,0
mLAC,1,0
INHS Asvini,1,0
Nims Univ Rajasthan,1,0
Birla Inst Appl Sci BIAS,1,0
CSIR HRDC,2,1
VSSUT,1,0
Prasad V Potluri Siddhartha Inst Technol,1,0
GEC,1,0
Sri Ramakrishna Mission Vidyalaya Coll Arts & Sci,1,0
St Joseph Engn Coll,1,1
ESIC Med Coll & Post Grad Inst Med Sci & Res,1,0
Karnataka State Akkamahadevi Womens Univ,2,0
ICAR Indian Inst Spices Res,1,0
Lady Hardinge Med Coll & SSK Hosp,1,0
NIT Rourkella,1,0
CSIR Natl Environm Engn Res Inst NEERI,3,40
Teri Sch Adv Studies,1,2
Def Res & Dev Org DRDO HQ,1,2
Dept Ophthalmol,1,10
Chowdaiah Med Ctr,1,2
Apoorva Diabet Fdn,1,2
Natl Inst Mental Hlth & Neurosci NLMHANS,1,2
Univ Hlth Sci,1,2
Pt BDS Univ Hlth Sci,1,0
Gujarat Pollut Control Board GPCB,1,48
Indian Inst Management Kozhikode,2,24
Swami Vivekananda Yoga Anusandhana Samsthana,1,0
Sri Sri Inst Adv Res,1,0
SKIMS Med Coll,1,2
Govt NCT Delhi,1,0
Ch Charan Singh Univ,1,0
Affiliated Bharathidasan Univ,1,0
Medzome Life Sci Pvt Ltd,1,6
FORE Sch Management,1,0
Automot Res Assoc India,1,3
Gram Vikas,1,0
Woxsen Univ,2,11
Indian Inst Management IIM Rohtak,1,2
Hlth Syst Res India Initiat,1,1
Inst Microbial Technol,1,0
Econ Indian Inst Technol,1,1
SEWA Bharat,1,0
Mahatma Gandhi Mission Med Coll,1,10
All India Inst Med Sci Jodhpur,1,2
CSIR Adv Mat & Proc Res Inst AMPRI,1,5
Aditya Inst Technol & Management AITAM,1,1
Sri Sivani Coll Engn,1,1
MNNIT Allahabad,1,0
CSIR Natl Inst Interdisciplinary Sci & Technol,1,0
SCMS Sch Engn & Technol,1,0
Human Milk Banking Assoc India,1,1
Kalawati Saran Childrens Hosp,1,1
PATH India,1,1
Govt Coll Tokapal,1,1
LTMMC & Gen Hosp Sion,1,0
KRK Govt Degree Coll,1,1
Virinchi Super Specialty Hosp,1,1
GBR Super Specialty Hosp,1,1
TRR Govt Degree Coll,1,1
Sri Padmavati Mahila Visvavidyalayam Womens Univ,1,1
Charutar Vidya Mandal Univ,1,2
Sardar Patel Univ,1,2
Affiliated Manonmaniam Sundamar Univ,1,3
Shri Vile Parle Kelavani Mandals Inst Pharm,1,3
JKK Nattraja Coll Pharm,1,0
Aster Medc,2,3
Dept Internal Med,1,2
Ctr Arthrit & Rheumatism Excellence CARE,1,12
Sri Chitra Tirunal Inst Med Sci & Technol,2,47
Apollo Proton Canc Ctr,2,8
Woodlands Multispecial Hosp Ltd,1,19
Inst Liver & Biliary Sci ILBS,1,55
Inst Liver & Biliary Sci LBS,1,55
Baby Mem Hosp,1,39
Santi Hosp,1,39
Panineeya Inst Dent Sci & Hosp,1,28
BMC,1,28
Rajas Dent Coll & Hosp,1,0
Jawaharlal Nehru Canc Hosp & Res Ctr,1,0
Veer Kunwar Singh Univ,3,8
Asha Brain & Spine Ctr,1,14
Rajiv Gandhi Super Specialty Hosp,1,0
Punjab Biotechnol Incubators,1,5
Reg Adv Water Testing Lab,1,5
Natl AIDS Res Inst,1,8
Indian Inst Publ Hlth Hyderabad,1,12
Sunshine Hosp,1,7
Balaji Hosp,1,7
Ravi Helios Hosp,1,7
Symbiosis Int Univ,1,1
Gen Hosp Junct,1,1
Reg Med Res Ctr ICMR,1,0
Indra Gandhi Natl Open Univ,1,0
Ujjain Engn Coll,1,0
Asian Inst Gatroenterol,1,6
LTMG Hosp,1,3
Kidney Associates Pvt Ltd,1,3
Melmaruvathur Adhiparasakthi Inst Med Sci & Res,1,7
Dr DY Patil Univ,1,2
Mol Pharma Pvt Ltd,1,7
Cent Sci Instruments Org,2,13
Advancells Grp,2,20
Sardarkrushinagar Dantiwada Agr Univ,1,1
Saurashtra Univ,1,1
Aryabhatta Res Inst Observat Sci ARIES,1,10
42 Vrindavan Gardens B,1,0
APJ Abdul Kalam Technol Univ,1,0
Integrated Canc Genom Lab,1,8
Shilpee Dutt Lab,1,8
Chilkapati Lab,1,8
Adv Ctr Treatment Res & Educ Canc,1,8
Ramkrishna Mission Vivekananda Educ & Res Inst,1,0
Ctr Res Environm Sci & Technol Policy CREST,1,1
Bengaluru City Univ,1,1
Jamal Mohamed Coll,1,4
Dr BR Ambedkar Natl Inst Technol,1,1
Shobhit Univ Gangoh,1,1
Natl Neurosci Inst Mental Hlth & Neurosci,1,1
AKIs Poona Coll Arts Sci & Commerce,2,27
Avinashilingam Inst Home Sci & Higher Educ,1,6
Bharat Biotech,2,12
Biol E Ltd,1,12
Indian Immunol Ltd,1,12
Serum Inst India,1,12
Zydus Cadila,1,12
Islamia Coll Sci & Commerce,1,2
Gayatri Vidya Parishad Med Coll & Hosp,1,6
SSK Hosp,1,1
Indian Soc Clin Oncol,1,1
BJ Hosp,1,311
SMS Hosp,1,311
Joshi Clin & Lilavati Hosp,1,6
GGDSD Coll,1,0
CSIR IGIB,2,0
CSIR Cent Leather Res Inst CLRI,1,0
Indo Soviet Friendship Coll Pharm ISFCP,1,0
Pacific Med Univ,1,0
Pacific Univ Udaipur,1,0
Pacific Univ,1,0
Govt Degree Coll Baramull,1,0
Degree Coll,1,0
KLE Univ Coll Pharm,1,0
Cent Univ Himachal Pradesh,1,0
ICMR Natl Inst Tradit Med,3,6
Xavier Univ,2,6
NCAER Natl Data Innovat Ctr,1,1
GB Pant Inst Postgrad Med Educ & Res,1,0
Children Orthoped Hosp,1,0
Acharya Shri Chander Coll Med Sci Hosp,1,0
Lung Bulletin,1,0
Jaipuria Inst Management Noida,1,0
Cloudnine Hosp,1,11
Indegene Pvt Ltd,1,1
Reliance Ind Ltd,2,4
Mata Gujri Coll,1,10
Tumkur Univ,1,3
AA Ind,2,31
Mother Teresa Womens Univ,1,0
Dwaraka Doss Goverdhan Doss Vaishnav Coll,1,0
Natl Inst Technol Puducherry,1,0
Abada Nsup Sch,1,0
Info Inst Engn,1,0
PSG Coll Technol,1,0
Guru Teg Bahadur Hosp,1,9
Datta Meghe Inst Med Sci Deemed Univ,1,0
Global Inst Publ Hlth,1,0
Aster CMI Hosp Bangalore,1,3
Aarti Clin,1,0
Inst Med Sci & SUM Hosp,1,0
Cent Univ,1,2
Air Cleaning & Contaminat Control Engn,1,2
NITTE Univ,1,2
Super Special Paediat Hopsital,1,2
Post Grad Teaching Inst,2,6
Apex Hosp,1,0
Madras Christian Coll,2,0
Meenakshi Ammal Dent Coll & Hosp,1,0
Ramaiah Publ Policy Ctr,1,0
RML Hosp,1,1
Sch Pharmaceut Educ & Res,1,2
AgriGenome Labs Pvt Ltd,1,1
Asthagiri Herbal Res Fdn,1,1
Bijupatnaik Univ technol,1,0
Indira Gandhi Inst Technol,1,0
Tea Res Assoc,1,5
ILBS,1,0
Dr Kandharis Skin & Dent Clin,1,0
Skin Alive Clin,1,0
Dr Shettys Skin & Cosmet Clin,1,0
Render Skin & Hair Clin,1,0
CSIR CIMAP,1,1
Natl Inst Technol Kurukshetra,2,0
Dr HL Trivedi Inst Transplantat Sci IKDRC ITS,1,0
Aster MIMS Hosp,1,0
Rabindranath Tagore Int Inst Cardiac Sci,2,7
Postgrad Inst Med Educ & Res Chandigarh PGIMER,1,0
Virinchi Hosp,1,0
Charnock Hosp,1,0
VPS Lakeshore Hosp,1,0
Medanta Inst Kidney & Urol,1,0
MIT Hosp & Res Inst,1,0
Manipal Hosp Whitefield,1,0
BGS Global Hosp,1,0
Dr HL Trivedi Inst Transplantat Sci IKDRC Its,1,7
Kidney Care Clin,1,7
IKDRC ITS,2,7
Apollo Hosp Int Ltd,1,7
Gujarat Kidney Fdn,1,7
Civil Hosp,1,7
Women Global Hlth,1,0
Int Agcy Prevent Blindness,1,44
Int Soc Geog & Epidemiol Ophthalmol,1,44
Vis Eye Care & Res Ctr,1,58
Aravind Eye Care Syst,1,58
Sadguru Netra Chikitsalaya,1,58
Dr Agarwals Eye Hosp,1,58
Organised Med Acad Guild,1,58
Med Educ & Res Maharashtra State,1,58
Indian Retinopathy Prematur Soc,1,58
Bababsaheb Ambedkar Hosp New Delhi,1,58
Chakrabarti Eye Care Ctr,2,62
Aditya Jyot Eye Inst,1,58
Eye Fdn,2,62
Disha Eye Hosp,2,62
Nirmals Eye Hosp,1,58
BB Eye Fdn,2,62
Narang Eye Care & Laser Ctr,1,58
Agarwals Eye Hosp,1,64
HBNI,2,5
Divakars Special Hosp,1,91
Tata Mem Ctr & HBNI,1,4
Maharaja Surajmal Inst Technol,2,0
Mahendra Inst Technol,1,0
CMR Tech Campus,1,0
GSSS Inst Engn & Technol Women,1,0
Indian Council Med Res Natl Inst Virol,1,6
Armed Forces Med Coll AFMC,1,6
Krantisinh Nana Patil Coll Vet Sci,2,9
Tirunelveli Dakshinamara Nadar Sangam TDMNS Coll,1,0
St Xavier Res Fdn,1,0
CIPET Inst Plast Technol IPT,1,0
Def Inst Adv Technol DU,1,0
IIIT Kota,1,6
Vardhaman Mahavir Med Coll,1,0
Safdajung Hosp,1,0
Christ Deemed Be Univ,1,0
Gokhale Eye Hosp,1,5
Cornea Soc India,1,5
Eye Bank Assoc India,1,5
AIOS & EBAI Expert Grp,1,5
Nrayana Nethralaya,1,3
Shekar Eye Hosp,1,4
Dr Agarwals Eye Hosp & Eye Res Ctr,1,4
Choithram Netralaya,1,4
Sri Sadhguru Sewa Sangh Trust,1,4
Mehta Int Eye Inst,1,4
Drishti Eye Inst,1,4
Viss Eye Ctr,1,4
DDU Hosp,1,4
Harsha Sai Eye Hosp,1,4
Prasad Netralaya,1,4
MM Joshi Eye Hosp,1,4
Kumaran Eye Special Ctr,1,4
Rajan Eye Care Hosp,1,4
Dr Om Parkash Eye Inst,1,4
JJ Eye Hosp,1,4
Anand Eye Hosp,1,4
Nethradhama Hosp Pvt Ltd,1,4
Navjyoti Eye Hosp,1,4
Narayana Nethralaya 2,1,4
AIOS & GSI Expert Grp,1,4
Horus Specialty Eye Care,1,3
Aravind Eye Care,1,3
Med Inst PGIMER,1,3
Operat Eyesight Univ,1,3
Apollo Canc Inst,1,3
Narayana Hlth City,1,3
Cytecare Canc Hosp,1,3
Noble Eye Care,1,6
Baroda Children Eyecare & Squint Clin,1,6
Dr Rajendra Prasad Ctr Ophthalm Sci,1,4
Tirupati Eye Ctr,1,7
Helyxon,1,7
Manas Hosp,1,7
All India Inst Ophthalm Sci,1,7
Sarvodaya Eyecare Experts,1,6
KB Haji Bachooali Eye Hosp,1,6
Agashe Hosp,1,6
Crystal Clear Eye Inst,1,6
Apex,1,6
iRetina,1,6
JB Eye Care & Retina Ctr,1,3
Athreya Retinal Ctr,1,3
Future Vis Eye Care & Senguptas Res Acad,1,3
Swami Ram Himalayan Univ,1,7
UP Univ Med Sci,1,22
SMS Med Coll Hosp,1,2
Deep Childrens Hosp & Res Ctr,1,15
Indian Inst Informat Technol Pune,1,0
Indian Inst Technol Jodhpur All India Inst Med Sc,1,0
ICGEB Emory Vaccine Ctr,1,1
Shaheed Hasan Khan Mewat Govt Med Coll,1,1
Natl Inst Disaster Management,1,0
Govt Med Coll & Hosp 32,1,0
Acad Maritime Educ & Training AMET Deemed Univ,1,3
Mohamed Sathak Coll Arts & Sci,1,3
Pune Symbiosis Deemed Univ,1,0
Ecosphere,1,0
Basaveshwar Engn Coll,1,0
VTU,1,0
Mesh Dynam,1,0
Indian Inst Management Raipur,1,0
Def Res & Dev Org Brig,1,0
BS Anangpuria Inst Pharm,1,0
Baroda Med Coll,1,0
HCG Canc Ctr,1,0
Indira Gandhi Med Coll & Res Inst,1,0
Bharati Vidyapeeth Deemed Univ Med Coll,1,0
Raja Narendralal Khan Womens Coll,1,22
Cognizant KNC,1,3
JSS Acad Higher Educ & Res Deemed Univ,1,3
Fortis Escorts Heart Inst,1,1
Pratima Inst Med Sci,1,14
Natl Inst Ind Engn NITIE,2,46
Dr NGP Inst Technol,1,28
Sri Ramakrishna Engn Coll,1,28
ICFAI Fdn Higher Educ,1,29
Ctr Econ & Social Studies CESS,1,27
Indian Inst Chem Biol,1,38
Mahatma Gandhi Vidyamandirs Pharm Coll,1,23
GIOSTAR Res Inc Pvt Ltd,1,3
Natl Res Ctr Camel,1,5
Mohak Bariatr & Robot Surg Ctr Indore,1,2
Mantha Heart Clin,1,4
Govt Hosp,1,0
Birla Inst Sci Res Statue Circle,1,40
SPARC,1,97
Urban Hlth Resource Ctr,1,97
Ram Manohar Lohia Hosp,1,19
Homi Bhabha Natl Univ,1,4
Dr DY Patil Vidyapeeth DPU,1,29
Ctr Rheumat Dis,1,29
Sassoon Gen Hosp BJGMC & SGH,1,2
Indian Pharmacopoeia Commiss,1,1
Amrita Vishwa Vidyapeetham Univ,1,0
Employees State Insurance Corp ESIC Med Coll & Ho,1,4
Karpaga Vinayaga Inst Med Sci & Res,1,1
Aravind Eye Hosp AEH,1,1
Dept Paediat Ophthalmol & Strabismus AEH Pondiche,1,1
AEH Coimbatore,1,1
AEH Tirunelveli,1,1
AEH Salem,1,1
AEH Chennai,1,1
AEH Madurai,1,1
Eyecare LV Prasad Eye Inst,1,2
Brien Holden Eye Res Ctr,1,2
Kalinga Inst Med Sci,3,1
Tarabai Desai Eye Hosp & Res Ctr,1,1
Adv Eye Hosp,1,0
Ocular Trauma Soc India,1,0
Ratan Jyoti Netralaya Opthalm Inst & Res Ctr,1,0
Aravind Eye Hosp & Post Grad Inst Ophthalmol,1,2
Kohinoor Hosp,1,6
VHS Infect Dis Med Ctr,1,2
Teerthanker Mahaveer Univ,1,1
AIPT,1,0
Galgotias Coll Engn & Technol I,1,11
AMU,2,8
Atal Bihari Vajpayee Inst Med Sci & Dr Ram Manoha,1,1
RUHS Univ Rajasthan,1,4
Eurofins Advinus,1,0
Datta Meghe Med Coll,1,0
Consultant Sushrut ENT Hosp & Dr Khans ENT Res Ct,1,0
Sanjay Gandhi Post Grad Inst Nucl Med,1,4
ICMR Natl Aids Res Inst,1,6
State TB Training & Demonstrat Ctr STDC,1,6
STDC,1,6
Directorate Publ Hlth & Family Welf,1,6
Agartala Govt Med Coll,1,0
SRM Univ Delhi NCR Sonepat,1,1
NIT Delhi,1,1
Indian Inst Management Calcutta,2,24
CSIR Indian Inst Technol,1,15
GMC & Sir JJ Grp Hosp,1,74
Indian Acad Neurol,1,74
World Vegetable Ctr,1,16
IPGME&R,1,2
Nilratan Sircar Med Coll,1,2
United Grp Inst,1,3
Tamil Nadu Dr MGR Med Univ,1,10
All India Inst Med Sci Jodphur,1,1
Sawai Man Singh Med Coll & Hosp,1,1
SP Med Coll,1,1
UP Pt Deen Dayal Upadhyaya Vet Sci Univ & Cattle,1,0
Sri Sankara Arts & Sci Coll,1,0
Teerthanker Mahaveer Med Coll,1,2
Vigor Life Sci,1,0
Veeda Clin Res,1,0
Morarji Desai Natl Inst Yoga,2,6
Shroff Eye Hosp,1,0
BJ Govt Med Coll,2,11
Karpagam Fac Med Sci & Res,1,0
TANTRANSCO,1,25
TANGEDCO,1,25
Inst Infect Dis,1,0
Poona Hosp & Res Ctr,1,0
Star Imaging Res Ctr,1,0
West Bengal Univ Hlth Sci,3,0
Jaypee Hosp,1,0
Univ Mumbai,2,12
Gujarat Biotechnol Res Ctr,2,10
Calcutta Inst Pharmaceut Technol & AHS,1,4
NSS Hindu Coll,1,38
Univ Coll,1,38
Diamond Harbour Med Coll,1,34
Murshidabad Med Coll & Hosp,1,34
ESI PGIMSR,1,34
Dept Community Med,1,34
ESIC Med Coll,1,34
Coll Med & JNM Hosp,1,24
PVNR Telangana Vet Univ,1,0
Govt Telangana,1,0
Def Inst Adv Technol DIAT,1,0
Inst Engn & Management,2,0
Andhra Med Coll,1,0
ABVIMS & Dr RML Hosp,1,1
MEDENS Hosp,1,0
VMMC,1,0
Med Coll Kolkata,1,0
GMC,1,0
CHILDS Trust Med Res Fdn CTMRF,1,0
Super Special Paediat Hosp,1,4
DY Patil Educ Soc Inst Deemed Univ,1,14
GITAM Deemed Be Univ,1,13
KIIT Deemed Be Univ,1,23
KC Publ Sch,1,23
Indian Inst Technol BHU Varanasi,1,14
Tata Mem Hosp Annexe,1,4
Manonmaniam Sundranar Univ,1,22
Mankind Res Ctr,1,2
NEERI,1,6
United Nations Environm Programme,1,6
ESSO Indian Natl Ctr Ocean Informat Serv,1,0
LM Thapar Sch Management,1,14
Sri Balaji Vidyapeeth Deemed Be Univ,1,1
Govt Coll,1,3
Max Canc Ctr,1,0
MSR Med Coll,1,0
VNS Grp Inst,1,0
Shaheed Mangal Pandey Govt PG Coll,1,0
Nizam Inst Med Sci,1,2
Gujarat State Biotechnol Mission,1,0
Windlas Biotech Pvt Ltd,1,2
Dr DY Patil Med Coll Hosp & Res Ctr,1,1
Indian Vet Res Inst IVR,1,0
Robert Bosch Engn & Business Solut Private Ltd He,1,0
Sri Shakthi Inst Engn & Technol,1,0
Kerala Vet & Anim Sci Univ,1,0
Pandit Deen Dayal Upadhyaya Pashu Chikitsa Vigyan,1,0
Natl Engn Coll,3,2
Council Sci & Ind Res CSIR,2,4
Soc Hlth Alternat SAHAJ,1,0
Univ Coll Engn Tindivanam,1,0
Thapa Thapar Inst Engn & Technol,1,1
Apollo Inst Med Sci & Res,1,0
Guru Ghasidas Cent Univ,1,0
Apollo Coll Pharm,1,0
Dr CV Raman Univ,1,0
Texas Instruments Inc,1,0
Uttarakhand Council Biotechnol,1,0
Smt Sucheta Kriplani Hosp & Lady Hardinge Med Col,1,0
RG Kar Med Coll,1,0
Noble Hosp & Res Ctr,1,0
Sri Ramachandra Inst Higher Educ & Res DU,1,0
PJTSAU,1,0
Natl Inst Interdisciplinary Sci & Technol NIIST,1,0
Cent Plantat Crops Res Inst CPCRI,1,0
Bidhan Chandra Krishi Viswavidyalaya,1,1
South Asia Off,1,1
ZS Associates,1,0
Sch Comp & Syst Sci,1,0
Jawharlal Nehru Univ,1,0
Sri Sri Krishnadevaraya Univ,1,1
Indian Inst Management Kashipur,1,0
Finance Profess,1,0
Technol Media & Telecommun TMT Practice Grp Firm,1,0
CIPL,1,1
Emami Ltd 13,1,0
BML Munjal Univ,1,2
MAHE MIT Univ,1,2
RayEye,1,2
St Gadge Baba Amravati Univ,1,11
Inst Sci,1,11
Govt Raza PG Coll,1,3
Sadguru Netra Chikitsalya & Postgrad Inst Ophthal,1,2
SGRR Inst Med & Hlth Sci,1,0
Alkesh Dinesh Mody Inst Financial & Management St,1,14
Somaiya Vidyavihar Univ,1,14
Indira Gandhi Ctr Atom Res,1,1
All India Inst Med Sci AIIMS New Delhi,1,5
Dibru Coll,1,1
DRDO,1,9
Sci Biominds,1,1
Baddi Univ Emerging Sci & Technol,1,0
Markham Coll Commerce,1,8
Gandhi Inst Excellent Technocrats,1,8
Univ Coll Engn & Technol,1,8
Vinoba Bhave Univ,1,8
Ramgarh Engn Coll,1,8
Amity Univ Mumbai,1,12
Space Geeks,1,12
Craft Hosp & Res Ctr,1,45
Inst Math Sci IMSc,1,7
Natl Inst Sci Educ & Res NISER,1,7
Dr Khuroos Med Clin,1,19
All India Inst Med Sci Bhopal,1,5
Sher E Kashmir Univ Agr Sci & Technol Jammu,1,5
Kerala Univ,1,9
Tata Mem Centre,1,7
Vaagdevi Coll Engn,1,0
PATH,1,2
Seth Sukhlal Karnani Mem Hosp,1,2
Dist Hosp Chittorgarh,1,2
Sri Jayadeva Inst Cardiovasc Sci & Res,1,23
Visvesvaraya Natl Inst Technol VNIT,1,8
Sri Shakthi Inst Engn & Technol Autonomous,1,0
Priyadarshini Inst Engn & Technol,1,0
Nitte,1,2
Somerville Sch Lott Carey Baptist Miss India,1,2
Govt Delhi,2,2
Govt Med Coll Baramulla,1,3
Gujarat Arts & Sci Coll,1,2
Raja NL Khan Womens Coll Autonomous,1,2
Seacom Skill Univ,1,2
Indira Gandhi Delhi Tech Univ Women,1,0
Sri Balaji Vidyapeeth,1,1
S N Bose Natl Ctr Basic Sci,1,2
Lokmanya Tilak Municipal Gen Hosp,1,0
INtegrat GENom HOst PathogEn INGEN HOPE,1,0
Kokilaben Dhirubhai Ambani Hosp & Med Res Inst KD,1,0
KDAH,1,0
Sri Aurobindo Med Coll & Post Grad Inst,1,1
Cytecare Hosp,1,4
Paras Hosp Gurgaon,1,4
Cent India Inst Med Sci,1,4
Stroke & Neurointervent Artemis Hosp,1,14
Panimalar Engn Coll,1,3
Anandaloke Multispecial Hosp,1,14
CAPFs Composite Hosp Border Secur Force Kadamtala,1,14
Care & Cure Hosp,1,2
Triphase Pharmaceut Pvt Ltd,1,0
Damodar Valley Corp,1,0
Natl Power Training Inst ER,1,0
Govt Inst Med Sci GIMS,1,0
Cognizant Technol Solut Pvt Ltd,1,0
Eurofins Advinus Ltd,1,0
Chennai Math Inst,1,0
Soc Rehabil & Care Children Hosp,1,0
Sir Jamshedjee Jeejeebhoy Grp Hosp,1,0
KJ Somaiya Coll Physiotherapy,1,0
Eras Lucknow Med Coll,1,0
Nehru Homoeopath Med Coll & Hosp,1,1
BARC Training Sch Complex,1,19
Indian Acad Degree Coll Aut,1,0
RxMD,1,3
IIT Tirupati,1,1
Educare Inst Dent Sci,1,3
JKKN Dent Coll & Hosp,1,3
IPGME & R,1,2
Jain Deemed Be Univ,1,0
Bharati Vidyapeeth Med Coll & Hosp,1,4
Kokilaben Dhirubhai Ambani Hosp & Res Inst,1,1
Hamdard Inst Med Sci & Res,1,17
India Inst Med Sci,1,17
Natl Inst Cholera & Enter Dis,1,9
Medanta Multi Superspecialty Hosp,1,0
Maulana Azad Coll,1,0
Presci Insilico Private Ltd,1,0
Biochem Res & Testing Lab,1,0
DIMHANS,1,0
BWSSB,1,0
Eternal Univ,1,0
NIT Agartala,1,1
Zonal Transplant Coordinat Ctr,1,5
Noida Inst Engn & Technol NIET,1,1
Indian Inst Management Ahmedabad IIMA,1,1
Asia Safe Abort Partnership,1,0
North East Inst Sci & Technol,1,0
Int Ctr Excellence Res,1,0
Amruta Hosp,1,0
ESI Hosp,1,0
Natl Canc Inst,1,0
Rhythm Heart Inst,1,0
Victoria Hosp,1,0
BAPS Pramukh Swami Hosp,1,0
Basement Tapan Hosp,1,0
Sanjivani Super Special Hosp,1,0
Deenanath Mangeshkar Hosp,1,0
Cr HL Trivedi Inst Transplantat Sci IKDRC ITS,1,0
Raghavendra Inst Pharmaceut Educ & Res RIPER Anan,1,0
Rural Dev Trust Hosp,1,0
Islamic Univ Sci & Technol Awantipora,1,0
SNS Coll Engn,1,1
Informat Commun Technol Acad,1,1
Inst Chartered Financial Analysts India Fdn Highe,1,1
MLB Med Coll,1,34
MIT Art Design & Technol Univ,1,0
Jawaharlal Nehru Smriti Govt Post Grad Coll,1,3
Narsee Monjee Inst Management Studies,1,4
Lal Bahadur Shastri Inst Management,1,4
Maharaja Agrasen Med Coll,1,2
Indian Inst Dalit Studies,1,1
CSIR Natl Geophys Res Inst,1,0
Welingkar Sch Management,1,0
MICA,1,0
Barkatullah Univ,1,0
Univ Delhi North Camps,1,11
Lina Diabet Care & Mumbai Diabet Res Ctr,1,0
TOTALL Diabet & Hormone Inst,1,0
Dr Makkars Diabet & Obes Ctr,1,0
Diacon Hosp,1,0
Dr Negalurs Diabet & Thyroid Special Ctr,1,0
CARE Hosp,1,0
Udyaan Hlth Care,1,0
Magna Ctr Obes Diabet & Endocrinol,1,0
JSS Acad Higher Educ & Res JSSAHER,1,0
Inst Bioresources & Sustainable Dev DBT IBSD,1,4
Ctr Innovat & Appl Bioproc DBT CIAB,1,4
Kristu Jayanti Coll Autonomous,1,2
Armed Forces Med Serv,1,2
Rajiv Gandhi Govt Gen Hosp,1,1
Natl Inst Epidemiol NIE,1,1
Salem Med Coll,1,1
Apollo Hosp Enterprises Ltd,1,6
Shri Vishnu Coll Pharm,1,8
Natl Inst Pharmaceut Educ & Res Ahmedabad NIPER A,1,8
Fdn Res & Educ Endoscopy,1,0
ICAR Natl Inst Plant Biotechnol,1,2
Uka Tarsadia Univ,1,1
